timestamp,best_edges,instances,total_crashes,total_hangs,plateau_secs
1787203246,2166,6,0,5,0
1787203306,2184,6,0,5,0
1787203366,2192,6,0,5,0
1787203426,2204,6,0,5,0
1787203486,2258,6,0,5,0
1787203546,2268,6,0,5,0
1787203606,2579,6,0,5,0
1787203666,2725,6,0,5,0
1787203726,2730,6,0,5,0
1787203786,2730,6,0,5,60
1787203846,2730,6,0,5,120
1787203906,2730,6,0,5,180
1787203966,2732,6,0,5,0
1787204026,2732,6,0,5,60
1787204086,2734,6,0,6,0
1787204147,2736,6,0,7,0
1787204207,2736,6,0,7,60
1787204267,2748,6,0,7,0
1787204327,2749,6,0,7,0
1787204387,2810,6,0,7,0
1787204447,2810,6,0,7,60
1787204507,2811,6,0,8,0
1787204567,2812,6,0,8,0
1787204627,2826,6,0,8,0
1787204687,2826,6,0,8,60
1787204747,2826,6,0,8,120
1787204807,2827,6,0,8,0
1787204867,2847,6,0,8,0
1787204927,2850,6,0,8,0
1787204987,2905,6,0,8,0
1787205047,3196,6,0,8,0
1787205107,3196,6,0,8,60
1787205167,3196,6,0,8,120
1787205227,3196,6,0,8,180
1787205287,3196,6,0,8,240
1787205347,3199,6,0,8,0
1787205407,3199,6,0,8,60
1787205467,3199,6,0,8,120
1787205527,3199,6,0,8,180
1787205587,3199,6,0,8,240
1787205647,3309,6,0,9,0
1787205707,3309,6,0,9,60
1787205767,3309,6,0,9,120
1787205827,3309,6,0,9,180
1787205887,3310,6,0,9,0
1787205947,3310,6,0,9,60
1787206007,3310,6,0,9,120
1787206067,3310,6,0,9,180
1787206127,3310,6,0,9,240
1787206187,3311,6,0,9,0
1787206247,3311,6,0,9,60
1787206307,3396,6,0,9,0
1787206367,3396,6,0,9,60
1787206427,3397,6,0,9,0
1787206487,3397,6,0,9,60
1787206547,3397,6,0,9,120
1787206607,3397,6,0,9,180
1787206667,3398,6,0,9,0
1787206727,3423,6,0,9,0
1787206787,3423,6,0,9,60
1787206847,3424,6,0,9,0
1787206907,3424,6,0,9,60
1787206967,3460,6,0,9,0
1787207027,3462,6,0,9,0
1787207087,3462,6,0,10,60
1787207147,3462,6,0,10,120
1787207207,3462,6,0,10,180
1787207267,3462,6,0,10,240
1787207327,3462,6,0,11,300
1787207387,3464,6,0,11,0
1787207447,3464,6,0,11,60
1787207507,3466,6,0,11,0
1787207567,3466,6,0,11,60
1787207627,3510,6,0,11,0
1787207687,3510,6,0,11,60
1787207747,3512,6,0,11,0
1787207807,3513,6,0,11,0
1787207867,3513,6,0,11,60
1787207927,3513,6,0,11,120
1787207987,3513,6,0,11,180
1787208047,3513,6,0,11,240
1787208107,3514,6,0,11,0
1787208167,3514,6,0,11,60
1787208227,3515,6,0,11,0
1787208287,3567,6,0,11,0
1787208347,3570,6,0,12,0
1787208407,3576,6,0,12,0
1787208467,3576,6,0,12,60
1787208527,3578,6,0,12,0
1787208587,3579,6,0,12,0
1787208647,3579,6,0,12,60
1787208707,3579,6,0,12,120
1787208767,3579,6,0,12,180
1787208827,3580,6,0,12,0
1787208887,3599,6,0,12,0
1787208947,3606,6,0,12,0
1787209007,3606,6,0,12,60
1787209067,3609,6,0,12,0
1787209127,3612,6,0,12,0
1787209187,3617,6,0,13,0
1787209247,3619,6,0,13,0
1787209307,3619,6,0,13,60
1787209367,3619,6,0,13,120
1787209427,3619,6,0,13,180
1787209487,3619,6,0,13,240
1787209547,3633,6,0,13,0
1787209607,3633,6,0,13,60
1787209667,3633,6,0,13,120
1787209727,3633,6,0,13,180
1787209787,3633,6,0,13,240
1787209847,3633,6,0,13,300
1787209907,3633,6,0,13,360
1787209967,3633,6,0,13,420
1787210027,3634,6,0,13,0
1787210087,3635,6,0,13,0
1787210147,3646,6,0,13,0
1787210207,3646,6,0,13,60
1787210267,3646,6,0,13,120
1787210327,3646,6,0,13,180
1787210387,3646,6,0,13,240
1787210447,3646,6,0,13,300
1787210507,3646,6,0,13,360
1787210567,3646,6,0,14,420
1787210627,3647,6,0,14,0
1787210687,3648,6,0,14,0
1787210747,3648,6,0,15,60
1787210807,3660,6,0,16,0
1787210867,3660,6,0,17,60
1787210927,3660,6,0,17,120
1787210987,3660,6,0,17,180
1787211047,3660,6,0,17,240
1787211107,3661,6,0,17,0
1787211167,3662,6,0,17,0
1787211227,3662,6,0,17,60
1787211287,3668,6,0,17,0
1787211347,3668,6,0,17,60
1787211409,3668,6,0,17,121
1787211469,3678,6,0,17,0
1787211529,3679,6,0,17,0
1787211589,3679,6,0,17,60
1787211649,3679,6,0,17,120
1787211709,3679,6,0,17,180
1787211769,3679,6,0,17,240
1787211829,3679,6,0,17,300
1787211889,3679,6,0,17,360
1787211949,3679,6,0,17,420
1787212009,3679,6,0,17,480
1787212069,3697,6,0,17,0
1787212129,3705,6,0,17,0
1787212189,3707,6,0,17,0
1787212249,3709,6,0,17,0
1787212309,3712,6,0,17,0
1787212369,3712,6,0,17,60
1787212429,3713,6,0,17,0
1787212489,3713,6,0,17,60
1787212549,3714,6,0,17,0
1787212609,3714,6,0,17,60
1787212669,3715,6,0,18,0
1787212729,3715,6,0,18,60
1787212789,3723,6,0,18,0
1787212849,3723,6,0,18,60
1787212909,3723,6,0,18,120
1787212969,3724,6,0,18,0
1787213029,3724,6,0,18,60
1787213089,3725,6,0,18,0
1787213149,3726,6,0,18,0
1787213209,3726,6,0,18,60
1787213269,3726,6,0,18,120
1787213329,3726,6,0,18,180
1787213389,3754,6,0,18,0
1787213449,3754,6,0,18,60
1787213509,3754,6,0,18,120
1787213569,3754,6,0,18,180
1787213629,3754,6,0,18,240
1787213689,3754,6,0,18,300
1787213749,3754,6,0,18,360
1787213809,3754,6,0,18,420
1787213869,3755,6,0,18,0
1787213929,3755,6,0,18,60
1787213989,3755,6,0,18,120
1787214049,3755,6,0,18,180
1787214109,3762,6,0,18,0
1787214169,3762,6,0,18,60
1787214229,3763,6,0,18,0
1787214289,3763,6,0,18,60
1787214349,3764,6,0,18,0
1787214409,3766,6,0,18,0
1787214469,3766,6,0,18,60
1787214529,3766,6,0,18,120
1787214589,3766,6,0,18,180
1787214649,3766,6,0,18,240
1787214709,3775,6,0,18,0
1787214769,3775,6,0,18,60
1787214829,3776,6,0,18,0
1787214889,3776,6,0,18,60
1787214949,3776,6,0,18,120
1787215009,3776,6,0,18,180
1787215069,3776,6,0,18,240
1787215129,3776,6,0,18,300
1787215189,3776,6,0,18,360
1787215249,3776,6,0,18,420
1787215309,3777,6,0,18,0
1787215369,3782,6,0,18,0
1787215429,3797,6,0,18,0
1787215489,3797,6,0,18,60
1787215550,3797,6,0,18,120
1787215610,3797,6,0,18,180
1787215670,3798,6,0,18,0
1787215730,3799,6,0,18,0
1787215790,3799,6,0,18,60
1787215850,3800,6,0,18,0
1787215910,3800,6,0,18,60
1787215970,3801,6,0,18,0
1787216030,3801,6,0,18,60
1787216090,3816,6,0,18,0
1787216150,3816,6,0,18,60
1787216210,3817,6,0,18,0
1787216270,3817,6,0,18,60
1787216330,3817,6,0,18,120
1787216390,3817,6,0,18,180
1787216450,3817,6,0,18,240
1787216510,3817,6,0,18,300
1787216570,3817,6,0,18,360
1787216630,3817,6,0,18,420
1787216690,3842,6,0,18,0
1787216750,3842,6,0,18,60
1787216810,3843,6,0,18,0
1787216870,3844,6,0,18,0
1787216930,3844,6,0,18,60
1787216990,3845,6,0,18,0
1787217050,3845,6,0,18,60
1787217110,3845,6,0,18,120
1787217170,3849,6,0,18,0
1787217230,3849,6,0,18,60
1787217290,3849,6,0,18,120
1787217350,3852,6,0,19,0
1787217410,3854,6,0,19,0
1787217470,3854,6,0,19,60
1787217530,3854,6,0,19,120
1787217590,3856,6,0,19,0
1787217650,3856,6,0,19,60
1787217710,3857,6,0,19,0
1787217770,3857,6,0,19,60
1787217830,3857,6,0,19,120
1787217890,3857,6,0,19,180
1787217950,3857,6,0,19,240
1787218010,3857,6,0,20,300
1787218070,3865,6,0,20,0
1787218130,3865,6,0,20,60
1787218190,3868,6,0,20,0
1787218250,3868,6,0,20,60
1787218310,3868,6,0,20,120
1787218370,3870,6,0,20,0
1787218430,3870,6,0,20,60
1787218490,3870,6,0,20,120
1787218550,3870,6,0,20,180
1787218610,3870,6,0,20,240
1787218670,3870,6,0,20,300
1787218730,3875,6,0,20,0
1787218790,3875,6,0,20,60
1787218850,3875,6,0,20,120
1787218910,3875,6,0,20,180
1787218970,3875,6,0,20,240
1787219030,3875,6,0,20,300
1787219090,3875,6,0,21,360
1787219150,3875,6,0,21,420
1787219210,3875,6,0,21,480
1787219270,3875,6,0,21,540
1787219330,3884,6,0,21,0
1787219390,3884,6,0,21,60
1787219450,3885,6,0,21,0
1787219510,3885,6,0,21,60
1787219570,3885,6,0,21,120
1787219630,3885,6,0,21,180
1787219690,3885,6,0,21,240
1787219750,3885,6,0,21,300
1787219810,3885,6,0,21,360
1787219870,3885,6,0,21,420
1787219930,3885,6,0,21,480
1787219990,3885,6,0,21,540
1787220050,3885,6,0,21,600
1787220110,3885,6,0,21,660
1787220170,3890,6,0,21,0
1787220230,3890,6,0,21,60
1787220290,3890,6,0,21,120
1787220350,3890,6,0,21,180
1787220410,3890,6,0,21,240
1787220470,3890,6,0,21,300
1787220530,3890,6,0,21,360
1787220590,3890,6,0,21,420
1787220650,3890,6,0,21,480
1787220710,3891,6,0,21,0
1787220770,3893,6,0,21,0
1787220830,3893,6,0,21,60
1787220890,3893,6,0,21,120
1787220950,3893,6,0,21,180
1787221010,3893,6,0,21,240
1787221070,3893,6,0,21,300
1787221130,3893,6,0,21,360
1787221190,3893,6,0,21,420
1787221250,3893,6,0,21,480
1787221310,3893,6,0,21,540
1787221370,3894,6,0,21,0
1787221430,3900,6,0,21,0
1787221490,3900,6,0,21,60
1787221550,3900,6,0,21,120
1787221610,3901,6,0,21,0
1787221670,3901,6,0,21,60
1787221730,3901,6,0,21,120
1787221790,3901,6,0,21,180
1787221850,3901,6,0,21,240
1787221910,3902,6,0,21,0
1787221970,3903,6,0,21,0
1787222031,3903,6,0,21,60
1787222091,3903,6,0,21,120
1787222151,3903,6,0,21,180
1787222211,3903,6,0,21,240
1787222271,3903,6,0,21,300
1787222331,3903,6,0,21,360
1787222391,3904,6,0,21,0
1787222451,3904,6,0,21,60
1787222511,3904,6,0,21,120
1787222571,3904,6,0,21,180
1787222631,3904,6,0,21,240
1787222691,3904,6,0,21,300
1787222751,3904,6,0,21,360
1787222811,3905,6,0,21,0
1787222871,3906,6,0,21,0
1787222931,3906,6,0,21,60
1787222991,3906,6,0,21,120
1787223051,3906,6,0,21,180
1787223111,3906,6,0,21,240
1787223171,3906,6,0,21,300
1787223231,3906,6,0,21,360
1787223291,3906,6,0,21,420
1787223351,3906,6,0,21,480
1787223411,3922,6,0,21,0
1787223471,3925,6,0,21,0
1787223531,3925,6,0,21,60
1787223591,3925,6,0,21,120
1787223651,3926,6,0,21,0
1787223711,3927,6,0,21,0
1787223771,3927,6,0,21,60
1787223831,3927,6,0,21,120
1787223891,3928,6,0,21,0
1787223951,3928,6,0,21,60
1787224011,3928,6,0,21,120
1787224071,3928,6,0,21,180
1787224131,3929,6,0,21,0
1787224191,3929,6,0,21,60
1787224251,3930,6,0,21,0
1787224311,3930,6,0,21,60
1787224371,3930,6,0,21,120
1787224431,3932,6,0,22,0
1787224491,3933,6,0,22,0
1787224551,3933,6,0,22,60
1787224611,3933,6,0,22,120
1787224671,3933,6,0,22,180
1787224731,3936,6,0,22,0
1787224791,3936,6,0,22,60
1787224851,3937,6,0,22,0
1787224911,3937,6,0,22,60
1787224971,3938,6,0,22,0
1787225031,3939,6,0,22,0
1787225091,3939,6,0,22,60
1787225151,3939,6,0,22,120
1787225211,3939,6,0,22,180
1787225271,3939,6,0,22,240
1787225331,3939,6,0,22,300
1787225391,3940,6,0,22,0
1787225451,3940,6,0,22,60
1787225511,3940,6,0,22,120
1787225571,3940,6,0,22,180
1787225631,3940,6,0,22,240
1787225691,3940,6,0,22,300
1787225751,3940,6,0,22,360
1787225811,3942,6,0,22,0
1787225871,3944,6,0,22,0
1787225931,3945,6,0,22,0
1787225991,3945,6,0,22,60
1787226051,3945,6,0,22,120
1787226111,3950,6,0,23,0
1787226172,3950,6,0,23,60
1787226232,3950,6,0,23,120
1787226292,3950,6,0,23,180
1787226352,3950,6,0,23,240
1787226412,3950,6,0,23,300
1787226472,3950,6,0,23,360
1787226532,3951,6,0,23,0
1787226592,3951,6,0,23,60
1787226652,3951,6,0,23,120
1787226712,3951,6,0,23,180
1787226772,3956,6,0,23,0
1787226832,3956,6,0,23,60
1787226892,3956,6,0,23,120
1787226952,3956,6,0,23,180
1787227012,3956,6,0,23,240
1787227072,3956,6,0,23,300
1787227132,3956,6,0,23,360
1787227192,3958,6,0,24,0
1787227252,3959,6,0,24,0
1787227312,3959,6,0,24,60
1787227372,3959,6,0,24,120
1787227432,3963,6,0,24,0
1787227492,3963,6,0,24,60
1787227552,3964,6,0,24,0
1787227612,3964,6,0,24,60
1787227672,3964,6,0,24,120
1787227732,3964,6,0,24,180
1787227792,3964,6,0,24,240
1787227852,3964,6,0,24,300
1787227912,3964,6,0,24,360
1787227972,3964,6,0,24,420
1787228032,3964,6,0,24,480
1787228092,3968,6,0,24,0
1787228152,3969,6,0,24,0
1787228212,3969,6,0,24,60
1787228272,3969,6,0,24,120
1787228332,3969,6,0,24,180
1787228392,3970,6,0,24,0
1787228452,3970,6,0,24,60
1787228512,3970,6,0,24,120
1787228572,3970,6,0,24,180
1787228632,3970,6,0,24,240
1787228692,3970,6,0,24,300
1787228752,3971,6,0,24,0
1787228812,3971,6,0,24,60
1787228872,3971,6,0,24,120
1787228932,3971,6,0,24,180
1787228992,3971,6,0,24,240
1787229052,3971,6,0,24,300
1787229112,3971,6,0,24,360
1787229172,3971,6,0,24,420
1787229232,3971,6,0,24,480
1787229292,3971,6,0,24,540
1787229352,3971,6,0,24,600
1787229412,3971,6,0,25,660
1787229472,3978,6,0,25,0
1787229532,3978,6,0,25,60
1787229592,3978,6,0,25,120
1787229652,3978,6,0,25,180
1787229713,3978,6,0,25,240
1787229773,3978,6,0,25,300
1787229833,3978,6,0,25,360
1787229893,3978,6,0,25,420
1787229953,3978,6,0,25,480
1787230013,3978,6,0,25,540
1787230073,3978,6,0,25,600
1787230133,3978,6,0,25,660
1787230193,3984,6,0,25,0
1787230253,3984,6,0,25,60
1787230313,3984,6,0,26,120
1787230373,3984,6,0,26,180
1787230433,3985,6,0,26,0
1787230493,3987,6,0,26,0
1787230553,3987,6,0,26,60
1787230613,3987,6,0,26,120
1787230673,3987,6,0,26,180
1787230733,3987,6,0,26,240
1787230793,3987,6,0,26,300
1787230853,4004,6,0,26,0
1787230913,4006,6,0,26,0
1787230973,4006,6,0,26,60
1787231033,4006,6,0,26,120
1787231093,4006,6,0,26,180
1787231153,4006,6,0,26,240
1787231213,4006,6,0,26,300
1787231273,4006,6,0,26,360
1787231333,4006,6,0,26,420
1787231393,4006,6,0,26,480
1787231453,4006,6,0,26,540
1787231513,4012,6,0,26,0
1787231573,4012,6,0,26,60
1787231633,4012,6,0,26,120
1787231693,4012,6,0,26,180
1787231753,4012,6,0,26,240
1787231813,4012,6,0,26,300
1787231873,4012,6,0,26,360
1787231933,4012,6,0,26,420
1787231993,4012,6,0,26,480
1787232053,4013,6,0,26,0
1787232113,4015,6,0,26,0
1787232173,4023,6,0,26,0
1787232233,4023,6,0,26,60
1787232293,4023,6,0,26,120
1787232353,4023,6,0,26,180
1787232413,4023,6,0,26,240
1787232473,4023,6,0,26,300
1787232533,4023,6,0,26,360
1787232593,4023,6,0,26,420
1787232653,4023,6,0,26,480
1787232713,4023,6,0,26,540
1787232773,4023,6,0,26,600
1787232833,4023,6,0,26,660
1787232893,4029,6,0,26,0
1787232953,4029,6,0,26,60
1787233013,4029,6,0,26,120
1787233073,4029,6,0,26,180
1787233133,4029,6,0,26,240
1787233193,4029,6,0,26,300
1787233253,4029,6,0,26,360
1787233313,4029,6,0,26,420
1787233373,4029,6,0,26,480
1787233434,4029,6,0,26,540
1787233494,4029,6,0,26,600
1787233554,4029,6,0,26,660
1787233614,4029,6,0,26,720
1787233674,4029,6,0,26,780
1787233734,4029,6,0,26,840
1787233794,4029,6,0,26,900
1787233854,4030,6,0,26,0
1787233914,4031,6,0,26,0
1787233974,4031,6,0,26,60
1787234034,4031,6,0,26,120
1787234094,4032,6,0,26,0
1787234154,4035,6,0,26,0
1787234214,4035,6,0,26,60
1787234274,4035,6,0,26,120
1787234334,4035,6,0,26,180
1787234394,4035,6,0,26,240
1787234454,4035,6,0,26,300
1787234514,4035,6,0,26,360
1787234574,4035,6,0,26,420
1787234634,4035,6,0,26,480
1787234694,4035,6,0,26,540
1787234754,4037,6,0,26,0
1787234814,4037,6,0,26,60
1787234874,4038,6,0,26,0
1787234934,4038,6,0,26,60
1787234994,4038,6,0,26,120
1787235054,4038,6,0,26,180
1787235114,4038,6,0,26,240
1787235174,4038,6,0,26,300
1787235234,4038,6,0,26,360
1787235294,4038,6,0,26,420
1787235354,4038,6,0,26,480
1787235414,4038,6,0,26,540
1787235474,4039,6,0,26,0
1787235534,4039,6,0,26,60
1787235594,4039,6,0,26,120
1787235654,4039,6,0,26,180
1787235714,4039,6,0,26,240
1787235774,4039,6,0,26,300
1787235834,4039,6,0,26,360
1787235894,4040,6,0,26,0
1787235954,4041,6,0,26,0
1787236014,4041,6,0,26,60
1787236074,4041,6,0,26,120
1787236134,4041,6,0,26,180
1787236194,4044,6,0,26,0
1787236254,4044,6,0,26,60
1787236314,4044,6,0,26,120
1787236374,4044,6,0,26,180
1787236434,4044,6,0,26,240
1787236494,4044,6,0,26,300
1787236554,4044,6,0,26,360
1787236614,4044,6,0,26,420
1787236674,4044,6,0,26,480
1787236734,4044,6,0,26,540
1787236794,4045,6,0,26,0
1787236854,4045,6,0,26,60
1787236915,4045,6,0,26,120
1787236975,4045,6,0,26,180
1787237035,4045,6,0,26,240
1787237095,4045,6,0,26,300
1787237155,4045,6,0,26,360
1787237215,4045,6,0,26,420
1787237275,4045,6,0,26,480
1787237335,4045,6,0,26,540
1787237395,4045,6,0,26,600
1787237455,4045,6,0,26,660
1787237515,4045,6,0,26,720
1787237575,4045,6,0,26,780
1787237635,4045,6,0,26,840
1787237695,4045,6,0,27,900
1787237755,4045,6,0,27,960
1787237815,4045,6,0,27,1020
1787237875,4045,6,0,27,1080
1787237935,4045,6,0,27,1140
1787237995,4045,6,0,27,1200
1787238055,4045,6,0,27,1260
1787238115,4045,6,0,27,1320
1787238175,4046,6,0,27,0
1787238235,4046,6,0,27,60
1787238295,4046,6,0,27,120
1787238355,4046,6,0,27,180
1787238415,4046,6,0,27,240
1787238475,4046,6,0,27,300
1787238535,4046,6,0,27,360
1787238595,4046,6,0,27,420
1787238655,4046,6,0,27,480
1787238715,4046,6,0,27,540
1787238775,4048,6,0,27,0
1787238835,4048,6,0,27,60
1787238895,4048,6,0,27,120
1787238955,4048,6,0,27,180
1787239015,4048,6,0,27,240
1787239075,4048,6,0,27,300
1787239135,4048,6,0,27,360
1787239195,4048,6,0,27,420
1787239255,4048,6,0,27,480
1787239315,4048,6,0,27,540
1787239375,4048,6,0,28,600
1787239435,4048,6,0,28,660
1787239495,4048,6,0,28,720
1787239555,4048,6,0,28,780
1787239615,4048,6,0,28,840
1787239675,4048,6,0,28,900
1787239735,4048,6,0,28,960
1787239795,4048,6,0,28,1020
1787239855,4048,6,0,28,1080
1787239915,4048,6,0,28,1140
1787239975,4048,6,0,28,1200
1787240035,4048,6,0,28,1260
1787240096,4048,6,0,28,1320
1787240156,4048,6,0,28,1380
1787240216,4048,6,0,28,1440
1787240276,4048,6,0,28,1500
1787240336,4048,6,0,28,1560
1787240396,4048,6,0,28,1620
1787240456,4048,6,0,28,1680
1787240516,4048,6,0,28,1740
1787240576,4048,6,0,28,1800
1787240636,4048,6,0,28,1860
1787240696,4048,6,0,28,1920
1787240756,4048,6,0,29,1980
1787240816,4048,6,0,29,2040
1787240876,4048,6,0,29,2100
1787240936,4048,6,0,29,2160
1787240996,4048,6,0,29,2220
1787241056,4048,6,0,29,2280
1787241116,4048,6,0,29,2340
1787241176,4048,6,0,29,2400
1787241236,4048,6,0,29,2460
1787241296,4048,6,0,29,2520
1787241356,4048,6,0,29,2580
1787241416,4048,6,0,29,2640
1787241476,4048,6,0,29,2700
1787241536,4048,6,0,29,2760
1787241596,4048,6,0,29,2820
1787241656,4048,6,0,29,2880
1787241716,4048,6,0,29,2941
1787241776,4048,6,0,29,3001
1787241836,4048,6,0,29,3061
1787241896,4048,6,0,29,3121
1787241956,4048,6,0,29,3181
1787242016,4048,6,0,29,3241
1787242076,4048,6,0,29,3301
1787242136,4048,6,0,29,3361
1787242196,4048,6,0,29,3421
1787242256,4048,6,0,29,3481
1787242316,4048,6,0,29,3541
1787242376,4048,6,0,29,3601
1787242436,4048,6,0,29,3661
1787242496,4048,6,0,29,3721
1787242556,4048,6,0,29,3781
1787242616,4048,6,0,30,3841
1787242676,4048,6,0,30,3901
1787242736,4048,6,0,30,3961
1787242796,4048,6,0,30,4021
1787242856,4048,6,0,30,4081
1787242917,4048,6,0,30,4141
1787242977,4048,6,0,30,4201
1787243037,4048,6,0,30,4261
1787243097,4048,6,0,30,4321
1787243157,4048,6,0,30,4381
1787243217,4048,6,0,30,4441
1787243277,4048,6,0,30,4501
1787243337,4048,6,0,30,4561
1787243397,4048,6,0,30,4621
1787243457,4048,6,0,30,4681
1787243517,4048,6,0,30,4741
1787243577,4048,6,0,30,4801
1787243637,4048,6,0,30,4861
1787243697,4048,6,0,30,4921
1787243757,4048,6,0,30,4981
1787243817,4049,6,0,30,0
1787243877,4049,6,0,30,60
1787243937,4049,6,0,30,120
1787243997,4049,6,0,30,180
1787244057,4049,6,0,30,240
1787244117,4049,6,0,30,300
1787244177,4049,6,0,30,360
1787244237,4049,6,0,30,420
1787244297,4049,6,0,30,480
1787244357,4049,6,0,30,540
1787244417,4049,6,0,30,600
1787244477,4049,6,0,30,660
1787244537,4049,6,0,30,720
1787244597,4049,6,0,30,780
1787244657,4049,6,0,30,840
1787244717,4049,6,0,30,900
1787244777,4049,6,0,30,960
1787244837,4049,6,0,30,1020
1787244897,4049,6,0,30,1080
1787244957,4049,6,0,30,1140
1787245017,4049,6,0,30,1200
1787245077,4049,6,0,30,1260
1787245137,4049,6,0,30,1320
1787245197,4049,6,0,30,1380
1787245257,4049,6,0,30,1440
1787245317,4049,6,0,30,1500
1787245377,4049,6,0,30,1560
1787245438,4049,6,0,30,1620
1787245498,4049,6,0,30,1680
1787245558,4049,6,0,30,1740
1787245618,4049,6,0,30,1800
1787245678,4049,6,0,30,1860
1787245738,4049,6,0,30,1920
1787245798,4049,6,0,30,1980
1787245858,4049,6,0,30,2040
1787245918,4049,6,0,30,2100
1787245978,4049,6,0,30,2160
1787246038,4049,6,0,30,2220
1787246098,4049,6,0,30,2280
1787246158,4049,6,0,30,2340
1787246218,4049,6,0,30,2400
1787246278,4049,6,0,30,2460
1787246338,4049,6,0,31,2520
1787246398,4049,6,0,31,2581
1787246458,4049,6,0,31,2641
1787246518,4049,6,0,31,2701
1787246578,4049,6,0,32,2761
1787246638,4049,6,0,32,2821
1787246698,4049,6,0,32,2881
1787246758,4049,6,0,32,2941
1787246818,4049,6,0,32,3001
1787246878,4049,6,0,32,3061
1787246938,4049,6,0,32,3121
1787246998,4050,6,0,32,0
1787247058,4050,6,0,33,60
1787247118,4050,6,0,33,120
1787247178,4050,6,0,33,180
1787247238,4050,6,0,33,240
1787247298,4050,6,0,33,300
1787247358,4050,6,0,33,360
1787247418,4050,6,0,33,420
1787247478,4050,6,0,33,480
1787247538,4050,6,0,33,540
1787247599,4050,6,0,33,600
1787247659,4050,6,0,33,660
1787247719,4051,6,0,33,0
1787247779,4051,6,0,33,60
1787247839,4051,6,0,33,120
1787247899,4051,6,0,33,180
1787247959,4051,6,0,33,240
1787248019,4051,6,0,33,300
1787248079,4051,6,0,33,360
1787248139,4051,6,0,33,420
1787248199,4051,6,0,33,480
1787248259,4051,6,0,33,540
1787248319,4051,6,0,33,600
1787248379,4051,6,0,33,660
1787248439,4051,6,0,33,720
1787248499,4051,6,0,33,780
1787248559,4051,6,0,33,840
1787248619,4051,6,0,33,900
1787248679,4051,6,0,33,960
1787248739,4051,6,0,33,1020
1787248799,4051,6,0,33,1080
1787248859,4051,6,0,33,1140
1787248919,4051,6,0,33,1200
1787248979,4051,6,0,33,1260
1787249039,4051,6,0,33,1320
1787249099,4051,6,0,33,1380
1787249159,4051,6,0,33,1440
1787249219,4051,6,0,33,1500
1787249279,4051,6,0,33,1560
1787249339,4051,6,0,33,1620
1787249399,4051,6,0,33,1680
1787249459,4051,6,0,33,1740
1787249519,4051,6,0,33,1800
1787249579,4051,6,0,33,1860
1787249639,4051,6,0,33,1920
1787249699,4051,6,0,33,1980
1787249759,4051,6,0,33,2040
1787249819,4051,6,0,33,2100
1787249879,4051,6,0,33,2160
1787249939,4051,6,0,33,2220
1787249999,4051,6,0,33,2280
1787250060,4051,6,0,33,2340
1787250120,4051,6,0,33,2400
1787250180,4051,6,0,33,2461
1787250240,4051,6,0,33,2521
1787250300,4051,6,0,33,2581
1787250360,4051,6,0,33,2641
1787250420,4051,6,0,33,2701
1787250480,4051,6,0,33,2761
1787250540,4051,6,0,33,2821
1787250600,4051,6,0,33,2881
1787250660,4051,6,0,33,2941
1787250720,4051,6,0,33,3001
1787250780,4051,6,0,33,3061
1787250840,4051,6,0,33,3121
1787250900,4051,6,0,33,3181
1787250960,4051,6,0,33,3241
1787251020,4051,6,0,33,3301
1787251080,4051,6,0,33,3361
1787251140,4051,6,0,33,3421
1787251200,4051,6,0,33,3481
1787251260,4051,6,0,33,3541
1787251320,4051,6,0,33,3601
1787251380,4051,6,0,33,3661
1787251440,4051,6,0,33,3721
1787251500,4051,6,0,33,3781
1787251560,4051,6,0,33,3841
1787251620,4051,6,0,33,3901
1787251680,4051,6,0,33,3961
1787251740,4051,6,0,33,4021
1787251800,4051,6,0,33,4081
1787251860,4051,6,0,33,4141
1787251920,4051,6,0,33,4201
1787251980,4051,6,0,33,4261
1787252040,4051,6,0,33,4321
1787252101,4051,6,0,33,4381
1787252161,4051,6,0,33,4441
1787252221,4051,6,0,33,4501
1787252281,4051,6,0,33,4562
1787252341,4051,6,0,33,4622
1787252401,4051,6,0,33,4682
1787252461,4051,6,0,33,4742
1787252521,4051,6,0,33,4802
1787252581,4051,6,0,33,4862
1787252641,4051,6,0,33,4922
1787252701,4051,6,0,33,4982
1787252761,4051,6,0,33,5042
1787252821,4051,6,0,33,5102
1787252881,4051,6,0,33,5162
1787252941,4051,6,0,33,5222
1787253001,4051,6,0,33,5282
1787253061,4051,6,0,33,5342
1787253121,4051,6,0,33,5402
1787253181,4051,6,0,33,5462
1787253241,4051,6,0,33,5522
1787253301,4051,6,0,33,5582
1787253361,4051,6,0,33,5642
1787253421,4051,6,0,33,5702
1787253481,4051,6,0,33,5762
1787253541,4051,6,0,33,5822
1787253601,4051,6,0,33,5882
1787253661,4051,6,0,33,5942
1787253721,4051,6,0,33,6002
1787253781,4051,6,0,33,6062
1787253841,4051,6,0,33,6122
1787253901,4051,6,0,33,6182
1787253961,4051,6,0,33,6242
1787254021,4051,6,0,33,6302
1787254081,4051,6,0,33,6362
1787254142,4051,6,0,33,6422
1787254202,4051,6,0,33,6482
1787254262,4051,6,0,33,6543
1787254322,4051,6,0,33,6603
1787254382,4051,6,0,33,6663
1787254442,4051,6,0,33,6723
1787254502,4051,6,0,33,6783
1787254562,4055,6,0,33,0
1787254622,4055,6,0,33,60
1787254682,4055,6,0,33,120
1787254742,4055,6,0,33,180
1787254802,4055,6,0,33,240
1787254862,4055,6,0,33,300
1787254922,4055,6,0,33,360
1787254982,4055,6,0,33,420
1787255042,4055,6,0,33,480
1787255102,4055,6,0,33,540
1787255162,4055,6,0,33,600
1787255222,4056,6,0,34,0
1787255282,4056,6,0,34,60
1787255342,4056,6,0,34,120
1787255402,4056,6,0,34,180
1787255462,4056,6,0,34,240
1787255522,4056,6,0,34,300
1787255582,4056,6,0,34,360
1787255642,4056,6,0,34,420
1787255702,4056,6,0,34,480
1787255762,4056,6,0,34,540
1787255822,4056,6,0,34,600
1787255882,4056,6,0,34,660
1787255942,4056,6,0,34,720
1787256002,4056,6,0,34,780
1787256062,4056,6,0,34,840
1787256123,4056,6,0,34,900
1787256183,4056,6,0,34,960
1787256243,4056,6,0,34,1020
1787256303,4056,6,0,34,1080
1787256363,4056,6,0,34,1140
1787256423,4056,6,0,34,1200
1787256483,4057,6,0,34,0
1787256543,4057,6,0,34,60
1787256603,4057,6,0,34,120
1787256663,4057,6,0,34,180
1787256723,4057,6,0,34,240
1787256783,4057,6,0,34,300
1787256843,4057,6,0,34,360
1787256903,4057,6,0,34,420
1787256963,4057,6,0,35,480
1787257023,4057,6,0,35,540
1787257083,4057,6,0,35,600
1787257143,4057,6,0,35,660
1787257203,4057,6,0,35,720
1787257263,4057,6,0,35,780
1787257323,4057,6,0,35,840
1787257383,4057,6,0,35,900
1787257443,4057,6,0,35,960
1787257503,4057,6,0,35,1020
1787257563,4057,6,0,35,1080
1787257623,4057,6,0,35,1140
1787257683,4057,6,0,35,1200
1787257743,4057,6,0,35,1260
1787257803,4057,6,0,35,1320
1787257863,4058,6,0,35,0
1787257923,4058,6,0,35,60
1787257983,4058,6,0,35,120
1787258044,4058,6,0,35,180
1787258104,4058,6,0,35,240
1787258164,4058,6,0,35,300
1787258224,4058,6,0,35,360
1787258284,4058,6,0,35,420
1787258344,4058,6,0,35,480
1787258404,4058,6,0,35,540
1787258464,4058,6,0,35,600
1787258524,4058,6,0,35,660
1787258584,4058,6,0,35,720
1787258644,4058,6,0,35,780
1787258704,4058,6,0,35,840
1787258764,4058,6,0,35,900
1787258824,4058,6,0,35,960
1787258884,4058,6,0,35,1020
1787258944,4058,6,0,35,1080
1787259004,4058,6,0,35,1140
1787259064,4058,6,0,35,1200
1787259124,4058,6,0,35,1260
1787259184,4058,6,0,35,1320
1787259244,4058,6,0,35,1380
1787259304,4058,6,0,35,1440
1787259364,4058,6,0,35,1500
1787259424,4058,6,0,35,1560
1787259484,4060,6,0,35,0
1787259544,4060,6,0,35,60
1787259604,4060,6,0,35,120
1787259664,4060,6,0,35,180
1787259724,4060,6,0,35,240
1787259784,4060,6,0,35,300
1787259844,4060,6,0,35,360
1787259905,4060,6,0,35,420
1787259965,4060,6,0,35,480
1787260025,4060,6,0,35,540
1787260085,4060,6,0,35,600
1787260145,4060,6,0,35,660
1787260205,4060,6,0,35,720
1787260265,4060,6,0,35,780
1787260325,4060,6,0,35,840
1787260385,4060,6,0,35,900
1787260445,4060,6,0,35,960
1787260505,4060,6,0,35,1020
1787260565,4060,6,0,35,1080
1787260625,4060,6,0,36,1140
1787260685,4060,6,0,36,1200
1787260745,4060,6,0,36,1260
1787260805,4060,6,0,36,1320
1787260865,4060,6,0,36,1380
1787260925,4060,6,0,36,1440
1787260985,4060,6,0,36,1500
1787261045,4060,6,0,36,1560
1787261105,4060,6,0,36,1620
1787261165,4060,6,0,36,1680
1787261225,4060,6,0,36,1740
1787261285,4060,6,0,36,1801
1787261345,4060,6,0,36,1861
1787261405,4060,6,0,36,1921
1787261465,4060,6,0,36,1981
1787261525,4060,6,0,37,2041
1787261586,4060,6,0,37,2101
1787261646,4060,6,0,37,2161
1787261706,4060,6,0,37,2221
1787261766,4060,6,0,37,2281
1787261826,4060,6,0,37,2341
1787261886,4060,6,0,37,2401
1787261946,4060,6,0,37,2461
1787262006,4060,6,0,37,2521
1787262066,4060,6,0,37,2581
1787262126,4060,6,0,37,2641
1787262186,4060,6,0,37,2701
1787262246,4060,6,0,37,2761
1787262306,4060,6,0,37,2821
1787262366,4060,6,0,37,2881
1787262426,4060,6,0,37,2941
1787262486,4060,6,0,37,3001
1787262546,4060,6,0,37,3061
1787262606,4060,6,0,37,3121
1787262666,4060,6,0,37,3181
1787262726,4060,6,0,37,3241
1787262786,4060,6,0,37,3301
1787262846,4060,6,0,37,3361
1787262906,4060,6,0,37,3422
1787262966,4060,6,0,37,3482
1787263026,4060,6,0,37,3542
1787263086,4060,6,0,37,3602
1787263146,4060,6,0,37,3662
1787263206,4060,6,0,37,3722
1787263267,4060,6,0,37,3782
1787263327,4060,6,0,37,3842
1787263387,4060,6,0,37,3902
1787263447,4060,6,0,37,3962
1787263507,4060,6,0,37,4022
1787263567,4060,6,0,37,4082
1787263627,4060,6,0,37,4142
1787263687,4060,6,0,37,4202
1787263747,4060,6,0,37,4262
1787263807,4060,6,0,37,4322
1787263867,4060,6,0,37,4382
1787263927,4060,6,0,37,4442
1787263987,4060,6,0,37,4502
1787264047,4060,6,0,37,4562
1787264107,4060,6,0,37,4622
1787264167,4060,6,0,37,4682
1787264227,4060,6,0,37,4742
1787264287,4060,6,0,37,4802
1787264347,4060,6,0,37,4862
1787264407,4060,6,0,37,4922
1787264467,4060,6,0,37,4982
1787264527,4060,6,0,37,5042
1787264587,4060,6,0,37,5102
1787264647,4060,6,0,37,5163
1787264707,4060,6,0,37,5223
1787264767,4063,6,0,37,0
1787264827,4063,6,0,37,60
1787264887,4063,6,0,37,120
1787264947,4063,6,0,37,180
1787265008,4063,6,0,37,240
1787265068,4063,6,0,37,300
1787265128,4063,6,0,37,360
1787265188,4063,6,0,37,420
1787265248,4063,6,0,37,480
1787265308,4063,6,0,37,540
1787265368,4063,6,0,37,600
1787265428,4063,6,0,37,660
1787265488,4063,6,0,37,720
1787265548,4063,6,0,37,780
1787265608,4063,6,0,37,840
1787265668,4063,6,0,37,900
1787265728,4063,6,0,37,960
1787265788,4063,6,0,37,1020
1787265848,4063,6,0,37,1080
1787265908,4063,6,0,37,1140
1787265968,4063,6,0,37,1200
1787266028,4063,6,0,37,1260
1787266088,4063,6,0,37,1320
1787266148,4063,6,0,37,1380
1787266208,4063,6,0,37,1440
1787266268,4063,6,0,37,1500
1787266328,4063,6,0,37,1560
1787266388,4063,6,0,37,1620
1787266448,4063,6,0,37,1680
1787266508,4063,6,0,37,1740
1787266568,4063,6,0,37,1800
1787266628,4063,6,0,37,1860
1787266688,4063,6,0,37,1920
1787266748,4063,6,0,37,1981
1787266808,4063,6,0,37,2041
1787266868,4063,6,0,37,2101
1787266929,4063,6,0,37,2161
1787266989,4063,6,0,37,2221
1787267049,4063,6,0,37,2281
1787267109,4063,6,0,37,2341
1787267169,4063,6,0,37,2401
1787267229,4063,6,0,37,2461
1787267289,4063,6,0,37,2521
1787267349,4063,6,0,37,2581
1787267409,4063,6,0,37,2641
1787267469,4063,6,0,37,2701
1787267529,4063,6,0,37,2761
1787267589,4063,6,0,37,2821
1787267649,4063,6,0,37,2881
1787267709,4063,6,0,37,2941
1787267769,4063,6,0,37,3001
1787267829,4063,6,0,37,3061
1787267889,4063,6,0,37,3121
1787267949,4063,6,0,37,3181
1787268009,4063,6,0,37,3241
1787268069,4063,6,0,37,3301
1787268129,4063,6,0,37,3361
1787268189,4063,6,0,37,3421
1787268249,4063,6,0,37,3481
1787268309,4063,6,0,37,3541
1787268369,4063,6,0,37,3601
1787268429,4063,6,0,37,3661
1787268489,4063,6,0,37,3722
1787268549,4063,6,0,37,3782
1787268609,4063,6,0,37,3842
1787268669,4063,6,0,38,3902
1787268730,4063,6,0,38,3962
1787268790,4063,6,0,38,4022
1787268850,4063,6,0,38,4082
1787268910,4063,6,0,38,4142
1787268970,4063,6,0,38,4202
1787269030,4063,6,0,38,4262
1787269090,4063,6,0,38,4322
1787269150,4063,6,0,38,4382
1787269210,4063,6,0,38,4442
1787269270,4063,6,0,38,4502
1787269330,4063,6,0,38,4562
1787269390,4063,6,0,38,4622
1787269450,4063,6,0,38,4682
1787269510,4063,6,0,38,4742
1787269570,4063,6,0,38,4802
1787269630,4063,6,0,38,4862
1787269690,4063,6,0,38,4922
1787269750,4063,6,0,38,4982
1787269810,4063,6,0,38,5042
1787269870,4063,6,0,38,5103
1787269930,4063,6,0,38,5163
1787269990,4063,6,0,38,5223
1787270050,4063,6,0,38,5283
1787270111,4063,6,0,38,5343
1787270171,4065,6,0,38,0
1787270231,4065,6,0,38,60
1787270291,4065,6,0,38,120
1787270351,4065,6,0,38,180
1787270411,4065,6,0,38,240
1787270471,4065,6,0,38,300
1787270531,4065,6,0,38,360
1787270591,4065,6,0,38,420
1787270651,4065,6,0,38,480
1787270711,4065,6,0,38,540
1787270771,4065,6,0,38,600
1787270831,4065,6,0,38,660
1787270891,4065,6,0,38,720
1787270951,4065,6,0,38,780
1787271011,4065,6,0,38,840
1787271071,4065,6,0,38,900
1787271131,4065,6,0,38,960
1787271191,4065,6,0,38,1020
1787271251,4065,6,0,38,1080
1787271311,4065,6,0,38,1140
1787271371,4065,6,0,38,1200
1787271432,4065,6,0,38,1260
1787271492,4065,6,0,38,1320
1787271552,4065,6,0,38,1380
1787271612,4065,6,0,38,1441
1787271672,4065,6,0,38,1501
1787271732,4065,6,0,38,1561
1787271792,4065,6,0,38,1621
1787271852,4065,6,0,38,1681
1787271912,4065,6,0,38,1741
1787271972,4065,6,0,38,1801
1787272032,4065,6,0,38,1861
1787272092,4066,6,0,38,0
1787272152,4066,6,0,38,60
1787272212,4066,6,0,38,120
1787272272,4066,6,0,38,180
1787272332,4067,6,0,38,0
1787272392,4067,6,0,38,60
1787272452,4067,6,0,38,120
1787272512,4067,6,0,38,180
1787272572,4067,6,0,38,240
1787272632,4067,6,0,38,300
1787272692,4067,6,0,38,360
1787272752,4067,6,0,38,420
1787272812,4067,6,0,38,480
1787272872,4067,6,0,38,540
1787272932,4067,6,0,38,600
1787272992,4073,6,0,38,0
1787273053,4073,6,0,38,60
1787273113,4073,6,0,38,120
1787273173,4073,6,0,38,180
1787273233,4085,6,0,38,0
1787273293,4085,6,0,38,60
1787273353,4085,6,0,38,120
1787273413,4085,6,0,38,180
1787273473,4085,6,0,38,240
1787273533,4085,6,0,38,300
1787273593,4085,6,0,38,360
1787273653,4085,6,0,38,420
1787273713,4085,6,0,38,480
1787273773,4085,6,0,38,540
1787273833,4085,6,0,38,600
1787273893,4085,6,0,38,660
1787273953,4085,6,0,38,720
1787274013,4085,6,0,38,780
1787274073,4085,6,0,38,840
1787274133,4085,6,0,38,900
1787274193,4085,6,0,38,960
1787274253,4085,6,0,38,1020
1787274313,4085,6,0,38,1080
1787274373,4085,6,0,38,1140
1787274433,4085,6,0,38,1200
1787274494,4085,6,0,38,1260
1787274554,4085,6,0,38,1320
1787274614,4085,6,0,38,1380
1787274674,4085,6,0,38,1440
1787274734,4090,6,0,38,0
1787274794,4090,6,0,40,60
1787274854,4090,6,0,40,120
1787274914,4090,6,0,40,180
1787274974,4090,6,0,40,240
1787275034,4090,6,0,40,300
1787275094,4090,6,0,40,360
1787275154,4090,6,0,40,420
1787275214,4090,6,0,40,480
1787275274,4090,6,0,40,540
1787275334,4090,6,0,41,600
1787275394,4090,6,0,45,660
1787275454,4092,6,0,47,0
1787275514,4095,6,0,51,0
1787275574,4096,6,0,52,0
1787275634,4102,6,0,53,0
1787275694,4102,6,0,53,60
1787275754,4102,6,0,54,120
1787275814,4102,6,0,54,180
1787275875,4102,6,0,54,240
1787275935,4102,6,0,54,300
1787275995,4103,6,0,56,0
1787276055,4103,6,0,56,60
1787276115,4104,6,0,56,0
1787276175,4104,6,0,58,60
1787276235,4104,6,0,58,120
1787276295,4104,6,0,60,180
1787276355,4104,6,0,60,240
1787276415,4117,6,0,60,0
1787276475,4117,6,0,60,60
1787276535,4117,6,0,60,120
1787276595,4119,6,0,60,0
1787276655,4119,6,0,60,60
1787276715,4120,6,0,60,0
1787276775,4120,6,0,60,60
1787276835,4120,6,0,60,120
1787276895,4120,6,0,60,180
1787276955,4134,6,0,60,0
1787277015,4134,6,0,60,60
1787277075,4134,6,0,61,120
1787277135,4134,6,0,61,180
1787277195,4134,6,0,62,240
1787277255,4134,6,0,62,300
1787277316,4134,6,0,63,360
1787277376,4134,6,0,64,420
1787277436,4134,6,0,64,480
1787277496,4134,6,0,65,540
1787277556,4134,6,0,65,600
1787277616,4134,6,0,65,660
1787277676,4134,6,0,65,720
1787277736,4134,6,0,65,780
1787277796,4134,6,0,65,840
1787277856,4134,6,0,65,900
1787277916,4134,6,0,66,960
1787277976,4136,6,0,66,0
1787278036,4136,6,0,66,60
1787278096,4136,6,0,66,120
1787278156,4136,6,0,66,180
1787278216,4136,6,0,67,240
1787278276,4136,6,0,67,300
1787278336,4136,6,0,68,360
1787278396,4138,6,0,68,0
1787278456,4139,6,0,68,0
1787278516,4139,6,0,68,60
1787278576,4144,6,0,68,0
1787278637,4144,6,0,68,60
1787278697,4144,6,0,68,120
1787278757,4144,6,0,68,180
1787278817,4144,6,0,68,240
1787278877,4144,6,0,68,300
1787278937,4144,6,0,69,360
1787278997,4144,6,0,69,420
1787279057,4144,6,0,69,480
1787279117,4144,6,0,69,540
1787279177,4144,6,0,71,600
1787279237,4144,6,0,71,660
1787279297,4144,6,0,72,720
1787279357,4144,6,0,73,780
1787279417,4144,6,0,73,840
1787279477,4144,6,0,74,900
1787279537,4144,6,0,74,960
1787279597,4144,6,0,74,1020
1787279657,4144,6,0,74,1080
1787279717,4144,6,0,74,1140
1787279777,4144,6,0,74,1200
1787279837,4145,6,0,74,0
1787279897,4145,6,0,74,60
1787279957,4145,6,0,74,120
1787280017,4145,6,0,74,180
1787280077,4145,6,0,75,240
1787280138,4145,6,0,75,300
1787280198,4145,6,0,75,360
1787280258,4145,6,0,75,420
1787280318,4145,6,0,75,480
1787280378,4145,6,0,75,540
1787280438,4145,6,0,75,600
1787280498,4145,6,0,75,660
1787280558,4145,6,0,75,720
1787280618,4145,6,0,75,780
1787280678,4145,6,0,75,840
1787280741,4145,6,0,75,903
1787280801,4145,6,0,75,963
1787280861,4145,6,0,75,1023
1787280921,4145,6,0,75,1083
1787280981,4145,6,0,75,1143
1787281041,4145,6,0,75,1203
1787281101,4145,6,0,75,1263
1787281161,4145,6,0,75,1323
1787281221,4145,6,0,75,1383
1787281281,4145,6,0,75,1443
1787281341,4145,6,0,75,1503
1787281401,4145,6,0,75,1563
1787281461,4145,6,0,75,1623
1787281521,4145,6,0,75,1683
1787281581,4145,6,0,75,1743
1787281641,4145,6,0,75,1804
1787281701,4145,6,0,75,1864
1787281761,4145,6,0,75,1924
1787281821,4145,6,0,75,1984
1787281882,4145,6,0,75,2044
1787281942,4145,6,0,76,2104
1787282002,4145,6,0,76,2164
1787282062,4146,6,0,77,0
1787282122,4146,6,0,77,60
1787282182,4146,6,0,78,120
1787282242,4146,6,0,78,180
1787282302,4146,6,0,78,240
1787282362,4146,6,0,78,300
1787282422,4146,6,0,78,360
1787282482,4146,6,0,78,420
1787282542,4146,6,0,78,480
1787282602,4146,6,0,78,540
1787282662,4146,6,0,78,600
1787282722,4146,6,0,78,660
1787282782,4146,6,0,79,720
1787282842,4146,6,0,79,780
1787282902,4146,6,0,79,840
1787282962,4146,6,0,79,900
1787283022,4146,6,0,79,960
1787283082,4146,6,0,79,1020
1787283143,4146,6,0,79,1080
1787283203,4146,6,0,79,1140
1787283263,4146,6,0,79,1200
1787283323,4146,6,0,79,1261
1787283383,4146,6,0,79,1321
1787283443,4146,6,0,79,1381
1787283503,4146,6,0,79,1441
1787283563,4146,6,0,79,1501
1787283623,4146,6,0,79,1561
1787283683,4146,6,0,79,1621
1787283743,4146,6,0,79,1681
1787283803,4146,6,0,80,1741
1787283863,4146,6,0,80,1801
1787283923,4146,6,0,80,1861
1787283983,4146,6,0,80,1921
1787284043,4146,6,0,80,1981
1787284103,4146,6,0,80,2041
1787284163,4146,6,0,81,2101
1787284223,4146,6,0,81,2161
1787284283,4146,6,0,81,2221
1787284344,4146,6,0,81,2281
1787284404,4146,6,0,82,2341
1787284464,4146,6,0,82,2401
1787284524,4146,6,0,82,2462
1787284584,4146,6,0,82,2522
1787284644,4146,6,0,82,2582
1787284704,4146,6,0,82,2642
1787284764,4146,6,0,82,2702
1787284824,4146,6,0,82,2762
1787284884,4146,6,0,82,2822
1787284944,4146,6,0,82,2882
1787285004,4146,6,0,82,2942
1787285064,4146,6,0,82,3002
1787285124,4146,6,0,82,3062
1787285184,4146,6,0,82,3122
1787285244,4146,6,0,82,3182
1787285304,4146,6,0,82,3242
1787285364,4146,6,0,82,3302
1787285424,4146,6,0,82,3362
1787285484,4146,6,0,82,3422
1787285544,4146,6,0,82,3482
1787285604,4146,6,0,82,3542
1787285665,4146,6,0,82,3602
1787285725,4146,6,0,82,3662
1787285785,4146,6,0,82,3722
1787285845,4146,6,0,82,3783
1787285905,4146,6,0,82,3843
1787285965,4146,6,0,82,3903
1787286025,4146,6,0,82,3963
1787286085,4146,6,0,82,4023
1787286145,4146,6,0,82,4083
1787286205,4146,6,0,82,4143
1787286265,4146,6,0,82,4203
1787286325,4146,6,0,82,4263
1787286385,4146,6,0,82,4323
1787286445,4146,6,0,82,4383
1787286505,4146,6,0,82,4443
1787286565,4146,6,0,82,4503
1787286625,4146,6,0,82,4563
1787286686,4146,6,0,82,4623
1787286746,4146,6,0,82,4683
1787286806,4146,6,0,82,4744
1787286866,4146,6,0,82,4804
1787286926,4146,6,0,82,4864
1787286986,4146,6,0,82,4924
1787287046,4146,6,0,83,4984
1787287106,4146,6,0,83,5044
1787287166,4146,6,0,83,5104
1787287226,4146,6,0,83,5164
1787287286,4146,6,0,83,5224
1787287346,4146,6,0,83,5284
1787287406,4146,6,0,83,5344
1787287467,4146,6,0,83,5404
1787287527,4146,6,0,83,5464
1787287587,4146,6,0,83,5524
1787287647,4146,6,0,83,5585
1787287707,4146,6,0,83,5645
1787287767,4146,6,0,83,5705
1787287827,4146,6,0,83,5765
1787287887,4146,6,0,83,5825
1787287947,4146,6,0,83,5885
1787288007,4146,6,0,83,5945
1787288067,4146,6,0,83,6005
1787288127,4146,6,0,83,6065
1787288187,4146,6,0,83,6125
1787288247,4146,6,0,83,6185
1787288307,4146,6,0,83,6245
1787288367,4146,6,0,83,6305
1787288427,4148,6,0,83,0
1787288487,4148,6,0,83,60
1787288547,4148,6,0,83,120
1787288607,4148,6,0,83,180
1787288667,4148,6,0,83,240
1787288728,4148,6,0,83,300
1787288788,4148,6,0,83,360
1787288848,4148,6,0,83,420
1787288908,4148,6,0,83,480
1787288968,4148,6,0,83,540
1787289028,4148,6,0,83,600
1787289088,4148,6,0,83,660
1787289148,4148,6,0,83,720
1787289208,4148,6,0,83,780
1787289268,4148,6,0,83,840
1787289328,4148,6,0,83,900
1787289388,4148,6,0,83,960
1787289448,4148,6,0,83,1020
1787289508,4148,6,0,83,1080
1787289568,4148,6,0,83,1140
1787289628,4148,6,0,83,1200
1787289688,4148,6,0,84,1261
1787289748,4148,6,0,84,1321
1787289808,4148,6,0,84,1381
1787289869,4148,6,0,84,1441
1787289929,4148,6,0,84,1501
1787289989,4148,6,0,84,1561
1787290049,4148,6,0,84,1621
1787290109,4148,6,0,84,1681
1787290169,4148,6,0,84,1741
1787290229,4148,6,0,84,1801
1787290289,4148,6,0,84,1861
1787290349,4148,6,0,84,1921
1787290409,4148,6,0,84,1981
1787290469,4148,6,0,84,2041
1787290529,4148,6,0,84,2101
1787290589,4148,6,0,84,2161
1787290649,4148,6,0,84,2221
1787290709,4148,6,0,84,2282
1787290769,4148,6,0,84,2342
1787290829,4148,6,0,84,2402
1787290889,4148,6,0,84,2462
1787290950,4148,6,0,84,2522
1787291010,4148,6,0,84,2582
1787291070,4148,6,0,84,2642
1787291130,4148,6,0,84,2702
1787291190,4148,6,0,84,2762
1787291250,4148,6,0,84,2822
1787291310,4148,6,0,84,2882
1787291370,4148,6,0,84,2942
1787291430,4148,6,0,84,3002
1787291490,4148,6,0,84,3062
1787291550,4148,6,0,84,3122
1787291610,4148,6,0,84,3182
1787291670,4151,6,0,84,0
1787291730,4151,6,0,84,60
1787291790,4151,6,0,84,120
1787291850,4151,6,0,84,180
1787291910,4151,6,0,84,240
1787291970,4151,6,0,84,300
1787292030,4151,6,0,84,360
1787292090,4151,6,0,84,420
1787292151,4151,6,0,84,480
1787292211,4151,6,0,84,540
1787292271,4151,6,0,84,600
1787292331,4151,6,0,84,660
1787292391,4151,6,0,84,720
1787292451,4151,6,0,84,780
1787292511,4151,6,0,84,840
1787292571,4151,6,0,84,900
1787292631,4151,6,0,84,960
1787292691,4151,6,0,84,1020
1787292751,4151,6,0,84,1080
1787292811,4151,6,0,84,1140
1787292871,4151,6,0,84,1200
1787292931,4151,6,0,84,1260
1787292991,4151,6,0,85,1321
1787293051,4151,6,0,85,1381
1787293111,4151,6,0,85,1441
1787293171,4151,6,0,85,1501
1787293231,4151,6,0,85,1561
1787293291,4151,6,0,85,1621
1787293352,4151,6,0,85,1681
1787293412,4151,6,0,85,1741
1787293472,4151,6,0,85,1801
1787293532,4151,6,0,85,1861
1787293592,4151,6,0,85,1921
1787293652,4151,6,0,85,1981
1787293712,4151,6,0,85,2041
1787293772,4151,6,0,85,2101
1787293832,4151,6,0,85,2161
1787293892,4153,6,0,85,0
1787293952,4153,6,0,85,60
1787294012,4153,6,0,85,120
1787294072,4153,6,0,86,180
1787294132,4154,6,0,88,0
1787294192,4154,6,0,89,60
1787294252,4154,6,0,90,120
1787294313,4154,6,0,91,180
1787294373,4154,6,0,91,240
1787294433,4154,6,0,91,300
1787294493,4154,6,0,92,360
1787294553,4154,6,0,92,420
1787294613,4156,6,0,92,0
1787294673,4156,6,0,92,60
1787294733,4156,6,0,92,120
1787294793,4158,6,0,92,0
1787294853,4158,6,0,92,60
1787294913,4158,6,0,92,120
1787294973,4159,6,0,93,0
1787295033,4159,6,0,93,60
1787295093,4159,6,0,93,120
1787295153,4159,6,0,94,180
1787295213,4159,6,0,94,240
1787295273,4159,6,0,94,300
1787295333,4215,6,0,94,0
1787295394,4215,6,0,95,60
1787295454,4217,6,0,95,0
1787295514,4217,6,0,96,60
1787295574,4217,6,0,96,120
1787295634,4217,6,0,96,180
1787295694,4217,6,0,96,240
1787295754,4217,6,0,96,300
1787295814,4217,6,0,97,360
1787295874,4217,6,0,98,420
1787295934,4217,6,0,98,480
1787295994,4217,6,0,99,540
1787296054,4217,6,0,99,600
1787296114,4220,6,0,99,0
1787296174,4220,6,0,99,60
1787296234,4227,6,0,99,0
1787296294,4227,6,0,99,60
1787296354,4227,6,0,100,120
1787296414,4227,6,0,100,180
1787296474,4227,6,0,101,240
1787296535,4227,6,0,101,300
1787296595,4232,6,0,102,0
1787296655,4232,6,0,102,60
1787296715,4232,6,0,102,120
1787296775,4232,6,0,102,180
1787296835,4232,6,0,102,240
1787296895,4232,6,0,102,300
1787296955,4232,6,0,102,360
1787297015,4232,6,0,102,420
1787297075,4232,6,0,102,480
1787297135,4232,6,0,102,540
1787297195,4232,6,0,102,600
1787297255,4232,6,0,102,660
1787297315,4232,6,0,103,720
1787297375,4232,6,0,103,780
1787297435,4232,6,0,103,840
1787297495,4240,6,0,104,0
1787297556,4240,6,0,104,60
1787297616,4240,6,0,105,120
1787297676,4240,6,0,105,180
1787297736,4240,6,0,105,240
1787297796,4240,6,0,105,300
1787297856,4240,6,0,105,360
1787297916,4240,6,0,106,420
1787297976,4240,6,0,106,480
1787298036,4240,6,0,106,540
1787298096,4240,6,0,106,600
1787298156,4240,6,0,106,660
1787298216,4240,6,0,106,720
1787298276,4240,6,0,107,780
1787298336,4240,6,0,107,840
1787298396,4240,6,0,107,900
1787298456,4240,6,0,107,960
1787298516,4240,6,0,107,1020
1787298577,4240,6,0,107,1081
1787298637,4240,6,0,107,1141
1787298697,4240,6,0,107,1201
1787298757,4240,6,0,107,1261
1787298817,4240,6,0,107,1321
1787298877,4240,6,0,107,1381
1787298937,4240,6,0,107,1441
1787298997,4240,6,0,107,1501
1787299057,4240,6,0,107,1561
1787299117,4240,6,0,107,1621
1787299177,4240,6,0,107,1681
1787299237,4240,6,0,107,1741
1787299297,4240,6,0,107,1801
1787299357,4240,6,0,107,1861
1787299417,4240,6,0,107,1921
1787299477,4240,6,0,107,1981
1787299538,4240,6,0,107,2042
1787299598,4240,6,0,107,2102
1787299658,4240,6,0,107,2162
1787299718,4240,6,0,107,2222
1787299778,4240,6,0,107,2282
1787299838,4240,6,0,107,2342
1787299898,4240,6,0,107,2402
1787299958,4240,6,0,107,2462
1787300018,4240,6,0,107,2522
1787300078,4240,6,0,107,2582
1787300138,4240,6,0,107,2642
1787300198,4240,6,0,107,2702
1787300258,4240,6,0,107,2762
1787300318,4240,6,0,107,2822
1787300378,4240,6,0,107,2882
1787300439,4240,6,0,107,2943
1787300499,4240,6,0,107,3003
1787300559,4240,6,0,107,3063
1787300619,4240,6,0,107,3123
1787300679,4240,6,0,107,3183
1787300739,4240,6,0,107,3243
1787300799,4240,6,0,107,3303
1787300859,4240,6,0,107,3363
1787300919,4240,6,0,107,3423
1787300979,4240,6,0,107,3483
1787301039,4240,6,0,107,3543
1787301099,4240,6,0,107,3603
1787301159,4240,6,0,107,3663
1787301219,4240,6,0,107,3723
1787301279,4240,6,0,107,3783
1787301339,4240,6,0,107,3843
1787301399,4240,6,0,107,3903
1787301459,4240,6,0,107,3963
1787301520,4240,6,0,107,4024
1787301580,4240,6,0,107,4084
1787301640,4240,6,0,107,4144
1787301700,4240,6,0,107,4204
1787301760,4240,6,0,107,4264
1787301820,4240,6,0,107,4324
1787301880,4240,6,0,107,4384
1787301940,4240,6,0,107,4444
1787302000,4240,6,0,107,4504
1787302060,4240,6,0,107,4564
1787302120,4240,6,0,107,4624
1787302180,4240,6,0,107,4684
1787302240,4240,6,0,107,4744
1787302300,4240,6,0,107,4804
1787302360,4240,6,0,107,4864
1787302420,4240,6,0,107,4924
1787302480,4240,6,0,107,4984
1787302541,4240,6,0,107,5045
1787302601,4240,6,0,107,5105
1787302661,4240,6,0,107,5165
1787302721,4240,6,0,107,5225
1787302781,4240,6,0,107,5285
1787302841,4240,6,0,107,5345
1787302901,4240,6,0,107,5405
1787302961,4240,6,0,107,5465
1787303021,4240,6,0,107,5525
1787303081,4240,6,0,107,5585
1787303141,4240,6,0,107,5645
1787303201,4240,6,0,107,5705
1787303261,4240,6,0,107,5765
1787303321,4240,6,0,107,5825
1787303381,4240,6,0,107,5885
1787303441,4240,6,0,107,5945
1787303501,4240,6,0,107,6005
1787303562,4240,6,0,107,6066
1787303622,4240,6,0,107,6126
1787303682,4240,6,0,107,6186
1787303742,4240,6,0,107,6246
1787303802,4240,6,0,107,6306
1787303862,4240,6,0,107,6366
1787303922,4240,6,0,107,6426
1787303982,4240,6,0,107,6486
1787304042,4240,6,0,107,6546
1787304102,4240,6,0,107,6606
1787304162,4240,6,0,107,6666
1787304222,4240,6,0,107,6726
1787304282,4240,6,0,107,6786
1787304342,4240,6,0,107,6846
1787304402,4240,6,0,107,6906
1787304463,4240,6,0,107,6967
1787304523,4240,6,0,107,7027
1787304583,4240,6,0,107,7087
1787304643,4240,6,0,107,7147
1787304703,4240,6,0,107,7207
1787304763,4244,6,0,107,0
1787304823,4244,6,0,107,60
1787304883,4244,6,0,107,120
1787304943,4244,6,0,107,180
1787305003,4244,6,0,107,240
1787305063,4244,6,0,108,300
1787305123,4244,6,0,108,360
1787305183,4244,6,0,108,420
1787305243,4244,6,0,108,480
1787305303,4244,6,0,108,540
1787305363,4244,6,0,109,600
1787305424,4244,6,0,109,660
1787305484,4244,6,0,109,720
1787305544,4244,6,0,109,780
1787305604,4244,6,0,109,840
1787305664,4244,6,0,109,901
1787305724,4244,6,0,109,961
1787305784,4244,6,0,109,1021
1787305844,4244,6,0,109,1081
1787305904,4244,6,0,109,1141
1787305964,4244,6,0,109,1201
1787306024,4244,6,0,109,1261
1787306084,4244,6,0,109,1321
1787306144,4244,6,0,109,1381
1787306204,4244,6,0,109,1441
1787306265,4244,6,0,109,1501
1787306325,4244,6,0,109,1561
1787306385,4244,6,0,109,1621
1787306445,4244,6,0,109,1681
1787306505,4244,6,0,109,1742
1787306565,4244,6,0,109,1802
1787306625,4244,6,0,109,1862
1787306685,4244,6,0,109,1922
1787306745,4244,6,0,109,1982
1787306805,4244,6,0,109,2042
1787306865,4244,6,0,109,2102
1787306925,4244,6,0,109,2162
1787306985,4244,6,0,110,2222
1787307045,4244,6,0,110,2282
1787307105,4244,6,0,110,2342
1787307166,4244,6,0,110,2402
1787307226,4244,6,0,110,2462
1787307286,4244,6,0,110,2522
1787307346,4244,6,0,110,2582
1787307406,4244,6,0,110,2643
1787307466,4244,6,0,110,2703
1787307526,4244,6,0,111,2763
1787307586,4244,6,0,112,2823
1787307646,4244,6,0,112,2883
1787307706,4244,6,0,112,2943
1787307766,4244,6,0,112,3003
1787307826,4244,6,0,112,3063
1787307887,4244,6,0,112,3123
1787307947,4244,6,0,112,3183
1787308007,4244,6,0,112,3243
1787308067,4244,6,0,112,3303
1787308127,4244,6,0,112,3364
1787308187,4245,6,0,112,0
1787308247,4245,6,0,112,60
1787308307,4245,6,0,112,120
1787308367,4245,6,0,112,180
1787308427,4245,6,0,112,240
1787308487,4245,6,0,112,300
1787308547,4245,6,0,112,360
1787308607,4245,6,0,112,420
1787308667,4245,6,0,112,480
1787308728,4245,6,0,112,540
1787308788,4245,6,0,112,600
1787308848,4245,6,0,113,660
1787308908,4245,6,0,113,720
1787308968,4245,6,0,113,780
1787309028,4246,6,0,113,0
1787309088,4246,6,0,113,60
1787309148,4246,6,0,113,120
1787309208,4246,6,0,113,180
1787309268,4246,6,0,113,240
1787309328,4246,6,0,113,300
1787309388,4246,6,0,113,360
1787309448,4246,6,0,113,420
1787309509,4246,6,0,113,480
1787309569,4246,6,0,113,540
1787309629,4246,6,0,113,600
1787309689,4246,6,0,113,660
1787309749,4246,6,0,113,720
1787309809,4246,6,0,113,780
1787309869,4246,6,0,113,840
1787309929,4246,6,0,113,901
1787309989,4246,6,0,113,961
1787310049,4246,6,0,113,1021
1787310109,4246,6,0,113,1081
1787310169,4246,6,0,113,1141
1787310229,4246,6,0,113,1201
1787310289,4246,6,0,113,1261
1787310349,4246,6,0,113,1321
1787310410,4246,6,0,113,1381
1787310470,4246,6,0,113,1441
1787310530,4246,6,0,113,1501
1787310590,4246,6,0,113,1561
1787310650,4246,6,0,113,1622
1787310710,4246,6,0,113,1682
1787310770,4246,6,0,113,1742
1787310830,4246,6,0,113,1802
1787310890,4246,6,0,113,1862
1787310950,4246,6,0,113,1922
1787311010,4246,6,0,113,1982
1787311070,4246,6,0,113,2042
1787311131,4246,6,0,113,2102
1787311191,4246,6,0,113,2162
1787311251,4246,6,0,113,2222
1787311311,4246,6,0,113,2282
1787311371,4246,6,0,113,2342
1787311431,4246,6,0,113,2402
1787311491,4246,6,0,113,2463
1787311551,4246,6,0,113,2523
1787311611,4246,6,0,113,2583
1787311671,4246,6,0,113,2643
1787311731,4246,6,0,113,2703
1787311791,4246,6,0,113,2763
1787311851,4246,6,0,113,2823
1787311911,4246,6,0,113,2883
1787311971,4246,6,0,113,2943
1787312031,4246,6,0,113,3003
1787312092,4246,6,0,113,3063
1787312152,4246,6,0,113,3123
1787312212,4246,6,0,114,3183
1787312272,4246,6,0,114,3243
1787312332,4246,6,0,114,3303
1787312392,4246,6,0,114,3363
1787312452,4246,6,0,114,3424
1787312512,4246,6,0,114,3484
1787312572,4246,6,0,114,3544
1787312632,4246,6,0,114,3604
1787312692,4246,6,0,114,3664
1787312752,4246,6,0,114,3724
1787312812,4246,6,0,114,3784
1787312872,4246,6,0,114,3844
1787312933,4246,6,0,114,3904
1787312993,4246,6,0,114,3964
1787313053,4246,6,0,114,4024
1787313113,4246,6,0,114,4084
1787313173,4246,6,0,114,4144
1787313233,4246,6,0,114,4205
1787313293,4297,6,0,114,0
1787313353,4297,6,0,114,60
1787313413,4297,6,0,114,120
1787313473,4297,6,0,114,180
1787313533,4297,6,0,114,240
1787313593,4297,6,0,114,300
1787313654,4297,6,0,114,360
1787313714,4297,6,0,114,420
1787313774,4297,6,0,114,480
1787313834,4297,6,0,114,540
1787313894,4297,6,0,114,600
1787313954,4299,6,0,114,0
1787314014,4299,6,0,114,60
1787314074,4299,6,0,114,120
1787314134,4299,6,0,114,180
1787314194,4299,6,0,114,240
1787314254,4299,6,0,114,300
1787314314,4299,6,0,114,360
1787314374,4299,6,0,114,420
1787314434,4299,6,0,114,480
1787314495,4299,6,0,114,540
1787314555,4299,6,0,114,600
1787314615,4299,6,0,114,660
1787314675,4299,6,0,114,720
1787314735,4299,6,0,114,780
1787314795,4299,6,0,114,840
1787314855,4299,6,0,114,901
1787314915,4299,6,0,114,961
1787314975,4299,6,0,114,1021
1787315035,4299,6,0,114,1081
1787315095,4299,6,0,114,1141
1787315155,4299,6,0,114,1201
1787315215,4299,6,0,114,1261
1787315275,4299,6,0,114,1321
1787315336,4299,6,0,114,1381
1787315396,4299,6,0,114,1441
1787315456,4299,6,0,114,1501
1787315516,4299,6,0,114,1561
1787315576,4299,6,0,114,1621
1787315636,4299,6,0,115,1681
1787315696,4299,6,0,115,1742
1787315756,4299,6,0,115,1802
1787315816,4299,6,0,115,1862
1787315876,4299,6,0,115,1922
1787315936,4299,6,0,115,1982
1787315996,4299,6,0,115,2042
1787316056,4299,6,0,115,2102
1787316116,4299,6,0,115,2162
1787316177,4299,6,0,115,2222
1787316237,4299,6,0,115,2282
1787316297,4299,6,0,115,2342
1787316357,4299,6,0,115,2402
1787316417,4299,6,0,115,2462
1787316477,4299,6,0,115,2522
1787316537,4299,6,0,115,2583
1787316597,4299,6,0,115,2643
1787316657,4299,6,0,115,2703
1787316717,4299,6,0,115,2763
1787316777,4299,6,0,115,2823
1787316837,4299,6,0,115,2883
1787316897,4299,6,0,116,2943
1787316957,4299,6,0,116,3003
1787317018,4299,6,0,116,3063
1787317078,4299,6,0,116,3123
1787317138,4299,6,0,116,3183
1787317198,4299,6,0,116,3243
1787317258,4299,6,0,116,3303
1787317318,4299,6,0,116,3363
1787317378,4299,6,0,116,3423
1787317438,4299,6,0,116,3483
1787317498,4299,6,0,116,3544
1787317558,4299,6,0,116,3604
1787317618,4299,6,0,116,3664
1787317678,4299,6,0,116,3724
1787317738,4299,6,0,116,3784
1787317798,4299,6,0,116,3844
1787317858,4299,6,0,116,3904
1787317918,4299,6,0,116,3964
1787317979,4299,6,0,116,4024
1787318039,4299,6,0,116,4084
1787318099,4299,6,0,116,4144
1787318159,4299,6,0,116,4204
1787318219,4299,6,0,116,4264
1787318279,4299,6,0,117,4324
1787318339,4299,6,0,117,4384
1787318399,4299,6,0,117,4445
1787318459,4299,6,0,117,4505
1787318519,4299,6,0,117,4565
1787318579,4299,6,0,117,4625
1787318639,4299,6,0,117,4685
1787318699,4299,6,0,117,4745
1787318759,4299,6,0,117,4805
1787318819,4299,6,0,117,4865
1787318880,4299,6,0,117,4925
1787318940,4299,6,0,117,4985
1787319000,4299,6,0,117,5045
1787319060,4299,6,0,117,5105
1787319120,4299,6,0,117,5165
1787319180,4299,6,0,117,5225
1787319240,4299,6,0,117,5286
1787319300,4299,6,0,117,5346
1787319360,4299,6,0,117,5406
1787319420,4299,6,0,117,5466
1787319480,4299,6,0,117,5526
1787319540,4299,6,0,117,5586
1787319600,4299,6,0,117,5646
1787319660,4299,6,0,117,5706
1787319721,4299,6,0,117,5766
1787319781,4299,6,0,117,5826
1787319841,4299,6,0,117,5886
1787319901,4299,6,0,117,5946
1787319961,4299,6,0,117,6006
1787320021,4299,6,0,117,6066
1787320081,4299,6,0,117,6126
1787320141,4299,6,0,117,6187
1787320201,4299,6,0,117,6247
1787320261,4299,6,0,117,6307
1787320321,4299,6,0,117,6367
1787320381,4299,6,0,117,6427
1787320441,4299,6,0,117,6487
1787320501,4300,6,0,117,0
1787320561,4300,6,0,117,60
1787320622,4300,6,0,117,120
1787320682,4300,6,0,117,180
1787320742,4300,6,0,117,240
1787320802,4300,6,0,117,300
1787320862,4300,6,0,117,360
1787320922,4300,6,0,117,420
1787320982,4300,6,0,117,480
1787321042,4300,6,0,117,540
1787321102,4300,6,0,117,600
1787321162,4301,6,0,117,0
1787321222,4301,6,0,117,60
1787321282,4301,6,0,117,120
1787321342,4301,6,0,117,180
1787321402,4301,6,0,117,240
1787321462,4301,6,0,117,300
1787321523,4301,6,0,117,360
1787321583,4301,6,0,117,420
1787321643,4301,6,0,117,480
1787321703,4301,6,0,117,540
1787321763,4301,6,0,117,600
1787321823,4301,6,0,117,660
1787321883,4301,6,0,117,720
1787321943,4301,6,0,117,780
1787322003,4301,6,0,117,840
1787322063,4301,6,0,117,901
1787322123,4301,6,0,117,961
1787322183,4303,6,0,117,0
1787322243,4303,6,0,117,60
1787322303,4303,6,0,117,120
1787322363,4303,6,0,117,180
1787322424,4305,6,0,117,0
1787322484,4305,6,0,117,60
1787322544,4305,6,0,117,120
1787322604,4305,6,0,117,180
1787322664,4305,6,0,117,240
1787322724,4305,6,0,117,300
1787322784,4305,6,0,117,360
1787322844,4305,6,0,117,420
1787322904,4305,6,0,117,480
1787322964,4305,6,0,117,540
1787323024,4305,6,0,117,600
1787323085,4305,6,0,117,660
1787323145,4305,6,0,117,721
1787323205,4305,6,0,117,781
1787323265,4305,6,0,117,841
1787323325,4305,6,0,117,901
1787323385,4305,6,0,117,961
1787323445,4305,6,0,117,1021
1787323505,4305,6,0,117,1081
1787323565,4305,6,0,117,1141
1787323625,4305,6,0,117,1201
1787323685,4305,6,0,117,1261
1787323745,4305,6,0,117,1321
1787323805,4305,6,0,117,1381
1787323865,4305,6,0,117,1441
1787323926,4305,6,0,117,1501
1787323986,4308,6,0,117,0
1787324046,4308,6,0,117,60
1787324106,4308,6,0,117,120
1787324166,4308,6,0,117,180
1787324226,4308,6,0,117,240
1787324286,4308,6,0,117,300
1787324346,4308,6,0,117,360
1787324406,4308,6,0,117,420
1787324466,4308,6,0,117,480
1787324526,4308,6,0,117,540
1787324586,4308,6,0,117,600
1787324646,4308,6,0,117,660
1787324707,4308,6,0,117,720
1787324767,4308,6,0,117,781
1787324827,4308,6,0,117,841
1787324887,4308,6,0,117,901
1787324947,4308,6,0,117,961
1787325007,4308,6,0,117,1021
1787325067,4308,6,0,117,1081
1787325127,4308,6,0,117,1141
1787325187,4308,6,0,117,1201
1787325247,4308,6,0,117,1261
1787325307,4308,6,0,117,1321
1787325367,4308,6,0,117,1381
1787325427,4308,6,0,117,1441
1787325488,4308,6,0,117,1501
1787325548,4308,6,0,117,1561
1787325608,4308,6,0,117,1622
1787325668,4308,6,0,117,1682
1787325728,4308,6,0,117,1742
1787325788,4308,6,0,117,1802
1787325848,4308,6,0,117,1862
1787325908,4308,6,0,117,1922
1787325968,4308,6,0,117,1982
1787326028,4308,6,0,117,2042
1787326088,4308,6,0,117,2102
1787326148,4308,6,0,117,2162
1787326208,4308,6,0,117,2222
1787326268,4308,6,0,117,2282
1787326329,4308,6,0,117,2342
1787326389,4308,6,0,117,2402
1787326449,4308,6,0,117,2463
1787326509,4308,6,0,117,2523
1787326569,4308,6,0,117,2583
1787326629,4308,6,0,117,2643
1787326689,4308,6,0,117,2703
1787326749,4308,6,0,117,2763
1787326809,4308,6,0,117,2823
1787326869,4308,6,0,117,2883
1787326929,4308,6,0,117,2943
1787326989,4308,6,0,117,3003
1787327049,4308,6,0,117,3063
1787327109,4308,6,0,117,3123
1787327170,4308,6,0,117,3183
1787327230,4308,6,0,117,3243
1787327290,4308,6,0,117,3304
1787327350,4308,6,0,117,3364
1787327410,4310,6,0,117,0
1787327470,4310,6,0,117,60
1787327530,4310,6,0,117,120
1787327590,4310,6,0,118,180
1787327650,4310,6,0,118,240
1787327710,4310,6,0,118,300
1787327770,4310,6,0,118,360
1787327830,4310,6,0,118,420
1787327890,4310,6,0,118,480
1787327951,4310,6,0,118,540
1787328011,4310,6,0,118,600
1787328071,4310,6,0,118,660
1787328131,4310,6,0,118,720
1787328191,4310,6,0,118,780
1787328251,4310,6,0,118,841
1787328311,4310,6,0,119,901
1787328371,4310,6,0,119,961
1787328431,4310,6,0,119,1021
1787328491,4310,6,0,119,1081
1787328551,4310,6,0,119,1141
1787328611,4310,6,0,119,1201
1787328671,4310,6,0,119,1261
1787328732,4310,6,0,119,1321
1787328792,4310,6,0,119,1381
1787328852,4310,6,0,119,1441
1787328912,4310,6,0,119,1501
1787328972,4310,6,0,119,1562
1787329032,4310,6,0,119,1622
1787329092,4310,6,0,119,1682
1787329152,4310,6,0,119,1742
1787329212,4310,6,0,119,1802
1787329272,4310,6,0,119,1862
1787329332,4310,6,0,119,1922
1787329392,4310,6,0,119,1982
1787329452,4310,6,0,119,2042
1787329513,4310,6,0,119,2102
1787329573,4310,6,0,119,2162
1787329633,4310,6,0,119,2222
1787329693,4310,6,0,119,2282
1787329753,4310,6,0,119,2342
1787329813,4310,6,0,119,2403
1787329873,4310,6,0,119,2463
1787329933,4310,6,0,119,2523
1787329993,4310,6,0,119,2583
1787330053,4310,6,0,119,2643
1787330113,4310,6,0,119,2703
1787330173,4310,6,0,119,2763
1787330234,4310,6,0,119,2823
1787330294,4310,6,0,119,2883
1787330354,4310,6,0,119,2943
1787330414,4310,6,0,119,3003
1787330474,4310,6,0,119,3064
1787330534,4310,6,0,119,3124
1787330594,4310,6,0,119,3184
1787330654,4310,6,0,119,3244
1787330714,4310,6,0,119,3304
1787330774,4310,6,0,119,3364
1787330834,4310,6,0,119,3424
1787330894,4310,6,0,119,3484
1787330955,4310,6,0,119,3544
1787331015,4310,6,0,119,3604
1787331075,4310,6,0,119,3664
1787331135,4310,6,0,119,3724
1787331195,4310,6,0,119,3785
1787331255,4310,6,0,119,3845
1787331315,4310,6,0,119,3905
1787331375,4310,6,0,119,3965
1787331435,4310,6,0,119,4025
1787331495,4310,6,0,119,4085
1787331555,4310,6,0,119,4145
1787331616,4310,6,0,120,4205
1787331676,4310,6,0,120,4265
1787331736,4310,6,0,120,4325
1787331796,4310,6,0,120,4385
1787331856,4310,6,0,120,4446
1787331916,4310,6,0,120,4506
1787331976,4310,6,0,120,4566
1787332036,4310,6,0,120,4626
1787332096,4310,6,0,120,4686
1787332156,4310,6,0,120,4746
1787332216,4310,6,0,120,4806
1787332276,4310,6,0,120,4866
1787332337,4310,6,0,120,4926
1787332397,4310,6,0,120,4986
1787332457,4310,6,0,120,5046
1787332517,4310,6,0,120,5106
1787332577,4310,6,0,120,5167
1787332637,4310,6,0,120,5227
1787332697,4310,6,0,120,5287
1787332757,4310,6,0,120,5347
1787332817,4310,6,0,120,5407
1787332877,4310,6,0,120,5467
1787332937,4310,6,0,120,5527
1787332997,4310,6,0,120,5587
1787333058,4310,6,0,120,5647
1787333118,4310,6,0,120,5707
1787333178,4310,6,0,120,5767
1787333238,4310,6,0,120,5827
1787333298,4310,6,0,120,5888
1787333358,4310,6,0,120,5948
1787333418,4310,6,0,120,6008
1787333478,4310,6,0,120,6068
1787333538,4310,6,0,120,6128
1787333598,4310,6,0,120,6188
1787333658,4310,6,0,120,6248
1787333718,4310,6,0,120,6308
1787333778,4310,6,0,120,6368
1787333839,4310,6,0,120,6428
1787333899,4310,6,0,120,6488
1787333959,4310,6,0,120,6548
1787334019,4310,6,0,120,6608
1787334079,4310,6,0,120,6669
1787334139,4310,6,0,120,6729
1787334199,4310,6,0,120,6789
1787334259,4310,6,0,120,6849
1787334319,4310,6,0,120,6909
1787334379,4310,6,0,120,6969
1787334439,4310,6,0,120,7029
1787334499,4310,6,0,120,7089
1787334560,4310,6,0,120,7149
1787334620,4310,6,0,120,7209
1787334680,4310,6,0,120,7269
1787334740,4310,6,0,120,7329
1787334800,4310,6,0,120,7390
1787334860,4310,6,0,120,7450
1787334920,4310,6,0,120,7510
1787334980,4310,6,0,120,7570
1787335040,4310,6,0,120,7630
1787335100,4310,6,0,120,7690
1787335160,4310,6,0,120,7750
1787335220,4310,6,0,120,7810
1787335281,4310,6,0,120,7870
1787335341,4310,6,0,121,7930
1787335401,4310,6,0,121,7990
1787335461,4310,6,0,121,8050
1787335521,4310,6,0,121,8111
1787335581,4310,6,0,121,8171
1787335641,4310,6,0,121,8231
1787335701,4310,6,0,121,8291
1787335761,4310,6,0,121,8351
1787335821,4310,6,0,121,8411
1787335881,4310,6,0,121,8471
1787335941,4310,6,0,121,8531
1787336001,4310,6,0,121,8591
1787336061,4310,6,0,121,8651
1787336122,4310,6,0,121,8711
1787336182,4310,6,0,121,8771
1787336242,4310,6,0,121,8831
1787336302,4310,6,0,121,8891
1787336362,4310,6,0,121,8952
1787336422,4310,6,0,121,9012
1787336482,4310,6,0,121,9072
1787336542,4310,6,0,121,9132
1787336602,4310,6,0,121,9192
1787336662,4310,6,0,121,9252
1787336722,4310,6,0,121,9312
1787336782,4310,6,0,121,9372
1787336843,4310,6,0,121,9432
1787336903,4310,6,0,121,9492
1787336963,4310,6,0,121,9552
1787337023,4310,6,0,121,9612
1787337083,4310,6,0,121,9672
1787337143,4310,6,0,121,9733
1787337203,4310,6,0,121,9793
1787337263,4310,6,0,121,9853
1787337323,4310,6,0,121,9913
1787337383,4310,6,0,121,9973
1787337443,4310,6,0,121,10033
1787337503,4310,6,0,121,10093
1787337563,4310,6,0,121,10153
1787337624,4310,6,0,121,10213
1787337684,4310,6,0,122,10273
1787337744,4310,6,0,122,10333
1787337804,4310,6,0,122,10393
1787337864,4310,6,0,122,10453
1787337924,4310,6,0,122,10513
1787337984,4310,6,0,122,10574
1787338044,4310,6,0,122,10634
1787338104,4310,6,0,122,10694
1787338164,4310,6,0,123,10754
1787338224,4310,6,0,123,10814
1787338284,4310,6,0,123,10874
1787338344,4310,6,0,123,10934
1787338404,4310,6,0,123,10994
1787338464,4310,6,0,123,11054
1787338525,4310,6,0,123,11114
1787338585,4310,6,0,123,11174
1787338645,4310,6,0,123,11234
1787338705,4310,6,0,123,11294
1787338765,4310,6,0,123,11355
1787338825,4310,6,0,123,11415
1787338885,4310,6,0,123,11475
1787338945,4310,6,0,123,11535
1787339005,4310,6,0,123,11595
1787339065,4310,6,0,123,11655
1787339125,4310,6,0,123,11715
1787339185,4310,6,0,123,11775
1787339245,4310,6,0,123,11835
1787339305,4310,6,0,123,11895
1787339366,4310,6,0,123,11955
1787339426,4310,6,0,123,12015
1787339486,4310,6,0,123,12075
1787339546,4310,6,0,123,12135
1787339606,4310,6,0,123,12196
1787339666,4310,6,0,123,12256
1787339726,4310,6,0,123,12316
1787339786,4310,6,0,123,12376
1787339846,4310,6,0,123,12436
1787339906,4310,6,0,123,12496
1787339966,4310,6,0,123,12556
1787340026,4310,6,0,123,12616
1787340086,4310,6,0,123,12676
1787340147,4310,6,0,123,12736
1787340207,4310,6,0,123,12796
1787340267,4310,6,0,123,12856
1787340327,4310,6,0,123,12916
1787340387,4310,6,0,123,12977
1787340447,4310,6,0,123,13037
1787340507,4310,6,0,123,13097
1787340567,4310,6,0,123,13157
1787340627,4310,6,0,123,13217
1787340687,4310,6,0,124,13277
1787340747,4310,6,0,124,13337
1787340807,4310,6,0,124,13397
1787340867,4310,6,0,124,13457
1787340927,4310,6,0,124,13517
1787340988,4310,6,0,124,13577
1787341048,4310,6,0,124,13637
1787341108,4310,6,0,125,13697
1787341168,4310,6,0,125,13757
1787341228,4310,6,0,125,13817
1787341288,4310,6,0,125,13878
1787341348,4310,6,0,125,13938
1787341408,4310,6,0,125,13998
1787341468,4310,6,0,125,14058
1787341528,4310,6,0,125,14118
1787341588,4310,6,0,125,14178
1787341648,4310,6,0,125,14238
1787341708,4310,6,0,125,14298
1787341768,4310,6,0,125,14358
1787341829,4310,6,0,125,14418
1787341889,4310,6,0,125,14478
1787341949,4310,6,0,125,14538
1787342009,4310,6,0,125,14598
1787342069,4310,6,0,125,14658
1787342129,4310,6,0,125,14719
1787342189,4310,6,0,125,14779
1787342249,4310,6,0,125,14839
1787342309,4310,6,0,125,14899
1787342369,4310,6,0,125,14959
1787342429,4310,6,0,125,15019
1787342489,4310,6,0,125,15079
1787342549,4310,6,0,125,15139
1787342609,4310,6,0,125,15199
1787342669,4310,6,0,125,15259
1787342730,4310,6,0,125,15319
1787342790,4310,6,0,125,15379
1787342850,4310,6,0,125,15439
1787342910,4310,6,0,125,15499
1787342970,4310,6,0,125,15559
1787343030,4310,6,0,125,15620
1787343090,4310,6,0,125,15680
1787343150,4310,6,0,126,15740
1787343210,4310,6,0,126,15800
1787343270,4318,6,0,126,0
1787343330,4318,6,0,126,60
1787343390,4318,6,0,126,120
1787343450,4318,6,0,126,180
1787343510,4318,6,0,126,240
1787343571,4318,6,0,126,300
1787343631,4318,6,0,126,360
1787343691,4318,6,0,126,420
1787343751,4318,6,0,126,480
1787343811,4318,6,0,126,540
1787343871,4318,6,0,126,600
1787343931,4318,6,0,126,660
1787343991,4318,6,0,126,720
1787344051,4318,6,0,126,781
1787344111,4318,6,0,126,841
1787344171,4318,6,0,126,901
1787344231,4318,6,0,126,961
1787344291,4318,6,0,126,1021
1787344351,4318,6,0,126,1081
1787344412,4318,6,0,126,1141
1787344472,4318,6,0,126,1201
1787344532,4318,6,0,126,1261
1787344592,4318,6,0,126,1321
1787344652,4318,6,0,126,1381
1787344712,4318,6,0,126,1441
1787344772,4318,6,0,126,1501
1787344832,4318,6,0,126,1561
1787344892,4318,6,0,126,1622
1787344952,4318,6,0,126,1682
1787345012,4318,6,0,126,1742
1787345072,4318,6,0,126,1802
1787345132,4318,6,0,126,1862
1787345193,4318,6,0,126,1922
1787345253,4318,6,0,126,1982
1787345313,4318,6,0,126,2042
1787345373,4318,6,0,126,2102
1787345433,4318,6,0,126,2162
1787345493,4318,6,0,126,2222
1787345553,4318,6,0,126,2282
1787345613,4320,6,0,126,0
1787345673,4320,6,0,126,60
1787345733,4320,6,0,126,120
1787345793,4320,6,0,126,180
1787345853,4321,6,0,126,0
1787345914,4321,6,0,126,60
1787345974,4321,6,0,126,120
1787346034,4321,6,0,126,180
1787346094,4321,6,0,126,240
1787346154,4321,6,0,127,300
1787346214,4322,6,0,127,0
1787346274,4332,6,0,127,0
1787346334,4332,6,0,127,60
1787346394,4332,6,0,127,120
1787346454,4332,6,0,127,180
1787346514,4333,6,0,127,0
1787346574,4334,6,0,127,0
1787346634,4334,6,0,127,60
1787346694,4336,6,0,127,0
1787346754,4340,6,0,127,0
1787346815,4341,6,0,127,0
1787346875,4341,6,0,127,60
1787346935,4341,6,0,127,120
1787346995,4341,6,0,127,180
1787347055,4341,6,0,127,240
1787347115,4341,6,0,127,300
1787347175,4341,6,0,127,360
1787347235,4341,6,0,127,420
1787347295,4341,6,0,127,480
1787347355,4341,6,0,127,540
1787347415,4341,6,0,127,600
1787347475,4352,6,0,127,0
1787347535,4352,6,0,127,60
1787347596,4352,6,0,127,120
1787347656,4352,6,0,127,180
1787347716,4352,6,0,127,240
1787347776,4354,6,0,127,0
1787347836,4354,6,0,127,60
1787347896,4354,6,0,127,120
1787347956,4354,6,0,127,180
1787348016,4354,6,0,127,240
1787348076,4354,6,0,127,300
1787348136,4354,6,0,127,360
1787348196,4354,6,0,127,420
1787348257,4356,6,0,127,0
1787348317,4356,6,0,127,60
1787348377,4356,6,0,128,120
1787348437,4356,6,0,128,180
1787348497,4356,6,0,128,240
1787348557,4356,6,0,128,300
1787348617,4356,6,0,128,360
1787348677,4356,6,0,128,420
1787348737,4356,6,0,128,480
1787348797,4356,6,0,128,540
1787348857,4356,6,0,128,600
1787348917,4356,6,0,128,660
1787348978,4356,6,0,128,720
1787349038,4356,6,0,128,781
1787349098,4356,6,0,128,841
1787349158,4356,6,0,128,901
1787349218,4356,6,0,128,961
1787349278,4356,6,0,128,1021
1787349338,4356,6,0,128,1081
1787349398,4356,6,0,128,1141
1787349458,4356,6,0,128,1201
1787349518,4356,6,0,128,1261
1787349578,4356,6,0,128,1321
1787349638,4356,6,0,128,1381
1787349699,4356,6,0,128,1441
1787349759,4356,6,0,128,1502
1787349819,4356,6,0,128,1562
1787349879,4356,6,0,128,1622
1787349939,4356,6,0,128,1682
1787349999,4356,6,0,128,1742
1787350059,4356,6,0,128,1802
1787350119,4356,6,0,128,1862
1787350179,4356,6,0,128,1922
1787350239,4356,6,0,128,1982
1787350299,4356,6,0,128,2042
1787350359,4356,6,0,128,2102
1787350419,4356,6,0,128,2162
1787350480,4356,6,0,128,2222
1787350540,4356,6,0,128,2283
1787350600,4356,6,0,128,2343
1787350660,4356,6,0,128,2403
1787350720,4356,6,0,128,2463
1787350780,4356,6,0,128,2523
1787350840,4356,6,0,128,2583
1787350900,4356,6,0,128,2643
1787350960,4356,6,0,128,2703
1787351020,4356,6,0,128,2763
1787351080,4356,6,0,128,2823
1787351140,4356,6,0,128,2883
1787351201,4356,6,0,128,2943
1787351261,4356,6,0,128,3004
1787351321,4356,6,0,128,3064
1787351381,4356,6,0,128,3124
1787351441,4356,6,0,128,3184
1787351501,4356,6,0,128,3244
1787351561,4356,6,0,128,3304
1787351621,4356,6,0,128,3364
1787351681,4356,6,0,128,3424
1787351741,4356,6,0,128,3484
1787351801,4356,6,0,128,3544
1787351861,4356,6,0,128,3604
1787351921,4356,6,0,129,3664
1787351981,4356,6,0,129,3724
1787352042,4356,6,0,129,3784
1787352102,4357,6,0,129,0
1787352162,4357,6,0,129,60
1787352222,4357,6,0,129,120
1787352282,4357,6,0,129,180
1787352342,4357,6,0,129,240
1787352402,4357,6,0,129,300
1787352462,4357,6,0,129,360
1787352522,4357,6,0,130,420
1787352582,4357,6,0,130,480
1787352642,4357,6,0,130,540
1787352702,4357,6,0,130,600
1787352762,4360,6,0,130,0
1787352823,4360,6,0,130,60
1787352883,4360,6,0,130,120
1787352943,4360,6,0,130,180
1787353003,4360,6,0,130,240
1787353063,4360,6,0,130,300
1787353123,4360,6,0,130,360
1787353183,4360,6,0,130,420
1787353243,4360,6,0,130,480
1787353303,4360,6,0,130,540
1787353363,4360,6,0,130,600
1787353423,4360,6,0,130,660
1787353483,4360,6,0,130,720
1787353543,4360,6,0,130,780
1787353603,4360,6,0,130,840
1787353664,4360,6,0,130,901
1787353724,4360,6,0,130,961
1787353784,4360,6,0,130,1021
1787353844,4360,6,0,130,1081
1787353904,4360,6,0,130,1141
1787353964,4360,6,0,130,1201
1787354024,4360,6,0,130,1261
1787354084,4360,6,0,130,1321
1787354144,4360,6,0,130,1381
1787354204,4360,6,0,130,1441
1787354264,4360,6,0,130,1501
1787354324,4360,6,0,130,1561
1787354385,4360,6,0,130,1622
1787354445,4360,6,0,130,1682
1787354505,4360,6,0,130,1742
1787354565,4360,6,0,130,1802
1787354625,4360,6,0,130,1862
1787354685,4360,6,0,131,1922
1787354745,4360,6,0,131,1982
1787354805,4360,6,0,131,2042
1787354865,4360,6,0,131,2102
1787354925,4360,6,0,131,2162
1787354985,4360,6,0,131,2222
1787355045,4360,6,0,131,2282
1787355105,4360,6,0,131,2342
1787355165,4360,6,0,131,2403
1787355226,4360,6,0,131,2463
1787355286,4360,6,0,131,2523
1787355346,4360,6,0,131,2583
1787355406,4360,6,0,131,2643
1787355466,4360,6,0,131,2703
1787355526,4360,6,0,131,2763
1787355586,4360,6,0,131,2823
1787355646,4360,6,0,131,2883
1787355706,4360,6,0,131,2943
1787355766,4360,6,0,131,3003
1787355826,4360,6,0,131,3063
1787355886,4360,6,0,131,3123
1787355946,4360,6,0,131,3184
1787356007,4360,6,0,131,3244
1787356067,4360,6,0,131,3304
1787356127,4360,6,0,131,3364
1787356187,4360,6,0,131,3424
1787356247,4360,6,0,131,3484
1787356307,4360,6,0,131,3544
1787356367,4360,6,0,131,3604
1787356427,4360,6,0,132,3664
1787356487,4360,6,0,132,3724
1787356547,4360,6,0,132,3784
1787356607,4360,6,0,132,3844
1787356667,4360,6,0,132,3904
1787356727,4360,6,0,132,3965
1787356788,4360,6,0,132,4025
1787356848,4360,6,0,132,4085
1787356908,4360,6,0,132,4145
1787356968,4360,6,0,132,4205
1787357028,4360,6,0,132,4265
1787357088,4360,6,0,132,4325
1787357148,4360,6,0,132,4385
1787357208,4360,6,0,132,4445
1787357268,4360,6,0,132,4505
1787357328,4360,6,0,132,4565
1787357388,4360,6,0,132,4625
1787357448,4360,6,0,132,4685
1787357508,4360,6,0,132,4746
1787357570,4360,6,0,132,4807
1787357630,4360,6,0,132,4867
1787357690,4360,6,0,132,4927
1787357750,4360,6,0,132,4988
1787357811,4360,6,0,132,5048
1787357871,4360,6,0,132,5108
1787357931,4360,6,0,132,5168
1787357991,4360,6,0,132,5228
1787358051,4360,6,0,132,5288
1787358111,4360,6,0,132,5348
1787358171,4360,6,0,132,5408
1787358231,4360,6,0,132,5468
1787358291,4360,6,0,132,5528
1787358351,4360,6,0,132,5588
1787358411,4360,6,0,132,5648
1787358471,4360,6,0,132,5708
1787358531,4360,6,0,132,5768
1787358592,4360,6,0,132,5829
1787358652,4360,6,0,132,5889
1787358712,4360,6,0,132,5949
1787358772,4360,6,0,132,6009
1787358832,4360,6,0,132,6069
1787358892,4360,6,0,132,6129
1787358952,4360,6,0,132,6189
1787359012,4360,6,0,132,6249
1787359072,4360,6,0,132,6309
1787359132,4360,6,0,132,6369
1787359192,4360,6,0,132,6429
1787359252,4360,6,0,132,6490
1787359313,4360,6,0,132,6550
1787359373,4360,6,0,132,6610
1787359433,4360,6,0,132,6670
1787359493,4360,6,0,132,6730
1787359553,4360,6,0,132,6790
1787359613,4360,6,0,132,6850
1787359673,4360,6,0,132,6910
1787359733,4360,6,0,132,6970
1787359793,4360,6,0,132,7030
1787359853,4360,6,0,132,7090
1787359913,4360,6,0,132,7150
1787359974,4360,6,0,132,7211
1787360034,4360,6,0,132,7271
1787360094,4360,6,0,132,7331
1787360154,4360,6,0,132,7391
1787360214,4360,6,0,132,7451
1787360274,4360,6,0,132,7511
1787360334,4360,6,0,132,7571
1787360394,4360,6,0,132,7631
1787360454,4360,6,0,132,7691
1787360514,4360,6,0,132,7751
1787360574,4360,6,0,132,7811
1787360634,4360,6,0,132,7871
1787360694,4360,6,0,132,7932
1787360755,4360,6,0,132,7992
1787360815,4360,6,0,132,8052
1787360875,4360,6,0,132,8112
1787360935,4360,6,0,132,8172
1787360995,4360,6,0,132,8232
1787361055,4360,6,0,132,8292
1787361115,4360,6,0,132,8352
1787361175,4360,6,0,132,8412
1787361235,4360,6,0,132,8472
1787361295,4360,6,0,132,8532
1787361355,4360,6,0,132,8592
1787361415,4360,6,0,132,8652
1787361475,4360,6,0,132,8712
1787361536,4360,6,0,132,8773
1787361596,4360,6,0,132,8833
1787361656,4360,6,0,132,8893
1787361716,4360,6,0,132,8953
1787361776,4360,6,0,132,9013
1787361836,4360,6,0,132,9073
1787361896,4360,6,0,132,9133
1787361956,4360,6,0,132,9193
1787362016,4360,6,0,132,9253
1787362076,4360,6,0,132,9313
1787362136,4360,6,0,132,9373
1787362196,4360,6,0,132,9433
1787362257,4360,6,0,132,9494
1787362317,4360,6,0,132,9554
1787362377,4360,6,0,132,9614
1787362437,4360,6,0,132,9674
1787362497,4360,6,0,132,9734
1787362557,4360,6,0,132,9794
1787362617,4360,6,0,132,9854
1787362677,4360,6,0,132,9914
1787362737,4360,6,0,132,9974
1787362797,4360,6,0,132,10034
1787362857,4360,6,0,132,10094
1787362917,4360,6,0,132,10155
1787362978,4360,6,0,132,10215
1787363038,4360,6,0,132,10275
1787363098,4360,6,0,132,10335
1787363158,4360,6,0,132,10395
1787363218,4360,6,0,132,10455
1787363278,4360,6,0,132,10515
1787363338,4360,6,0,132,10575
1787363398,4360,6,0,132,10635
1787363458,4360,6,0,132,10695
1787363518,4360,6,0,132,10755
1787363578,4360,6,0,132,10815
1787363639,4360,6,0,132,10876
1787363699,4360,6,0,132,10936
1787363759,4360,6,0,132,10996
1787363819,4360,6,0,132,11056
1787363879,4360,6,0,132,11116
1787363939,4360,6,0,132,11176
1787363999,4360,6,0,132,11236
1787364059,4360,6,0,132,11296
1787364119,4360,6,0,132,11356
1787364179,4360,6,0,132,11416
1787364240,4360,6,0,132,11477
1787364300,4360,6,0,132,11537
1787364360,4360,6,0,132,11597
1787364420,4360,6,0,132,11657
1787364480,4360,6,0,132,11717
1787364540,4360,6,0,132,11777
1787364600,4360,6,0,132,11837
1787364660,4360,6,0,132,11897
1787364720,4360,6,0,132,11957
1787364780,4360,6,0,132,12017
1787364840,4360,6,0,132,12078
1787364901,4360,6,0,132,12138
1787364961,4360,6,0,132,12198
1787365021,4360,6,0,132,12258
1787365081,4360,6,0,132,12318
1787365141,4360,6,0,132,12378
1787365201,4360,6,0,132,12438
1787365261,4360,6,0,132,12498
1787365321,4360,6,0,132,12558
1787365381,4360,6,0,132,12618
1787365441,4360,6,0,132,12678
1787365501,4360,6,0,132,12739
1787365562,4360,6,0,132,12799
1787365622,4360,6,0,132,12859
1787365682,4360,6,0,132,12919
1787365742,4360,6,0,132,12979
1787365802,4360,6,0,132,13039
1787365862,4360,6,0,133,13099
1787365922,4360,6,0,133,13159
1787365982,4360,6,0,133,13219
1787366042,4360,6,0,133,13279
1787366102,4360,6,0,133,13339
1787366162,4360,6,0,133,13400
1787366223,4360,6,0,133,13460
1787366283,4360,6,0,133,13520
1787366343,4360,6,0,133,13580
1787366403,4360,6,0,133,13640
1787366463,4360,6,0,133,13700
1787366523,4360,6,0,133,13760
1787366583,4360,6,0,133,13820
1787366643,4360,6,0,133,13880
1787366703,4360,6,0,133,13940
1787366763,4360,6,0,133,14000
1787366823,4360,6,0,133,14061
1787366884,4360,6,0,133,14121
1787366944,4360,6,0,133,14181
1787367004,4361,6,0,133,0
1787367064,4361,6,0,133,60
1787367124,4361,6,0,133,120
1787367184,4361,6,0,133,180
1787367244,4361,6,0,133,240
1787367304,4361,6,0,133,300
1787367364,4361,6,0,133,360
1787367424,4361,6,0,133,420
1787367485,4361,6,0,133,480
1787367545,4361,6,0,133,540
1787367605,4361,6,0,133,600
1787367665,4361,6,0,133,661
1787367725,4361,6,0,133,721
1787367785,4361,6,0,133,781
1787367845,4361,6,0,133,841
1787367905,4361,6,0,133,901
1787367965,4361,6,0,133,961
1787368025,4361,6,0,133,1021
1787368085,4361,6,0,133,1081
1787368146,4361,6,0,133,1141
1787368206,4361,6,0,133,1201
1787368266,4361,6,0,133,1261
1787368326,4361,6,0,133,1322
1787368386,4361,6,0,133,1382
1787368446,4361,6,0,133,1442
1787368506,4361,6,0,133,1502
1787368566,4361,6,0,133,1562
1787368626,4361,6,0,133,1622
1787368686,4361,6,0,133,1682
1787368746,4361,6,0,133,1742
1787368806,4361,6,0,133,1802
1787368867,4361,6,0,133,1862
1787368927,4361,6,0,133,1922
1787368987,4361,6,0,133,1982
1787369047,4361,6,0,133,2043
1787369107,4361,6,0,133,2103
1787369167,4361,6,0,133,2163
1787369227,4361,6,0,133,2223
1787369287,4361,6,0,133,2283
1787369347,4361,6,0,133,2343
1787369407,4361,6,0,133,2403
1787369467,4361,6,0,133,2463
1787369528,4361,6,0,133,2523
1787369588,4361,6,0,133,2583
1787369648,4361,6,0,133,2644
1787369708,4361,6,0,133,2704
1787369768,4361,6,0,133,2764
1787369828,4361,6,0,133,2824
1787369888,4361,6,0,133,2884
1787369948,4361,6,0,133,2944
1787370008,4361,6,0,133,3004
1787370068,4361,6,0,133,3064
1787370129,4361,6,0,133,3124
1787370189,4361,6,0,133,3184
1787370249,4361,6,0,133,3244
1787370309,4361,6,0,133,3305
1787370369,4361,6,0,133,3365
1787370429,4361,6,0,133,3425
1787370489,4361,6,0,133,3485
1787370549,4361,6,0,133,3545
1787370609,4361,6,0,133,3605
1787370669,4361,6,0,133,3665
1787370729,4361,6,0,133,3725
1787370790,4361,6,0,133,3785
1787370850,4361,6,0,133,3845
1787370910,4361,6,0,133,3905
1787370970,4361,6,0,133,3966
1787371030,4361,6,0,133,4026
1787371090,4361,6,0,133,4086
1787371150,4361,6,0,133,4146
1787371210,4361,6,0,133,4206
1787371270,4361,6,0,133,4266
1787371330,4361,6,0,133,4326
1787371390,4361,6,0,133,4386
1787371451,4361,6,0,133,4446
1787371511,4361,6,0,133,4506
1787371571,4361,6,0,133,4566
1787371631,4361,6,0,133,4627
1787371691,4361,6,0,133,4687
1787371751,4361,6,0,133,4747
1787371811,4361,6,0,133,4807
1787371871,4361,6,0,133,4867
1787371931,4361,6,0,133,4927
1787371991,4361,6,0,133,4987
1787372051,4361,6,0,133,5047
1787372111,4361,6,0,133,5107
1787372172,4361,6,0,133,5167
1787372232,4361,6,0,133,5227
1787372292,4361,6,0,133,5288
1787372352,4361,6,0,133,5348
1787372412,4361,6,0,133,5408
1787372472,4361,6,0,133,5468
1787372532,4361,6,0,133,5528
1787372592,4361,6,0,133,5588
1787372652,4361,6,0,133,5648
1787372712,4361,6,0,133,5708
1787372772,4361,6,0,133,5768
1787372833,4361,6,0,133,5828
1787372893,4361,6,0,133,5888
1787372953,4361,6,0,133,5949
1787373013,4361,6,0,133,6009
1787373073,4361,6,0,133,6069
1787373133,4361,6,0,133,6129
1787373193,4361,6,0,133,6189
1787373253,4361,6,0,133,6249
1787373313,4361,6,0,133,6309
1787373373,4361,6,0,133,6369
1787373433,4361,6,0,133,6429
1787373494,4361,6,0,133,6489
1787373554,4361,6,0,133,6549
1787373614,4361,6,0,133,6610
1787373674,4361,6,0,133,6670
1787373734,4361,6,0,133,6730
1787373794,4361,6,0,133,6790
1787373854,4361,6,0,133,6850
1787373914,4361,6,0,133,6910
1787373974,4361,6,0,133,6970
1787374034,4361,6,0,133,7030
1787374095,4361,6,0,133,7090
1787374155,4361,6,0,133,7150
1787374215,4361,6,0,133,7211
1787374275,4361,6,0,133,7271
1787374335,4361,6,0,133,7331
1787374395,4364,6,0,133,0
1787374455,4364,6,0,133,60
1787374515,4364,6,0,133,120
1787374575,4364,6,0,133,180
1787374635,4364,6,0,133,240
1787374695,4364,6,0,133,300
1787374756,4364,6,0,133,360
1787374816,4364,6,0,133,420
1787374876,4364,6,0,133,480
1787374936,4364,6,0,133,540
1787374996,4364,6,0,133,600
1787375056,4364,6,0,133,660
1787375116,4365,6,0,133,0
1787375176,4365,6,0,133,60
1787375236,4365,6,0,133,120
1787375296,4365,6,0,133,180
1787375356,4365,6,0,133,240
1787375417,4365,6,0,133,300
1787375477,4365,6,0,133,360
1787375537,4365,6,0,133,420
1787375597,4365,6,0,133,480
1787375657,4365,6,0,133,540
1787375717,4365,6,0,133,600
1787375777,4365,6,0,133,661
1787375837,4365,6,0,133,721
1787375897,4365,6,0,133,781
1787375957,4365,6,0,133,841
1787376017,4365,6,0,133,901
1787376078,4365,6,0,133,961
1787376138,4365,6,0,133,1021
1787376198,4365,6,0,133,1081
1787376258,4365,6,0,133,1141
1787376318,4365,6,0,133,1201
1787376378,4365,6,0,133,1261
1787376438,4365,6,0,133,1322
1787376498,4365,6,0,133,1382
1787376558,4365,6,0,133,1442
1787376618,4365,6,0,133,1502
1787376679,4365,6,0,133,1562
1787376739,4365,6,0,133,1622
1787376799,4365,6,0,133,1682
1787376859,4365,6,0,133,1742
1787376919,4365,6,0,133,1802
1787376979,4365,6,0,133,1863
1787377039,4365,6,0,133,1923
1787377099,4365,6,0,133,1983
1787377159,4365,6,0,133,2043
1787377220,4365,6,0,133,2103
1787377280,4365,6,0,133,2163
1787377340,4365,6,0,133,2223
1787377400,4365,6,0,133,2283
1787377460,4365,6,0,133,2343
1787377520,4365,6,0,133,2403
1787377580,4365,6,0,133,2464
1787377640,4365,6,0,133,2524
1787377700,4365,6,0,133,2584
1787377760,4365,6,0,133,2644
1787377820,4365,6,0,133,2704
1787377880,4365,6,0,133,2764
1787377941,4365,6,0,133,2824
1787378001,4365,6,0,133,2884
1787378061,4365,6,0,133,2944
1787378121,4365,6,0,133,3004
1787378181,4365,6,0,133,3064
1787378241,4365,6,0,133,3125
1787378301,4365,6,0,133,3185
1787378361,4365,6,0,133,3245
1787378421,4365,6,0,133,3305
1787378481,4365,6,0,133,3365
1787378542,4365,6,0,133,3425
1787378602,4365,6,0,133,3485
1787378662,4365,6,0,133,3545
1787378722,4365,6,0,133,3605
1787378782,4365,6,0,133,3665
1787378842,4365,6,0,133,3725
1787378902,4365,6,0,133,3786
1787378962,4365,6,0,133,3846
1787379022,4365,6,0,133,3906
1787379082,4365,6,0,133,3966
1787379142,4365,6,0,133,4026
1787379203,4365,6,0,133,4086
1787379263,4365,6,0,133,4146
1787379323,4365,6,0,133,4206
1787379383,4365,6,0,133,4266
1787379443,4365,6,0,133,4326
1787379503,4365,6,0,133,4386
1787379563,4365,6,0,133,4447
1787379623,4365,6,0,133,4507
1787379683,4365,6,0,133,4567
1787379743,4365,6,0,133,4627
1787379803,4365,6,0,133,4687
1787379863,4365,6,0,133,4747
1787379924,4365,6,0,133,4807
1787379984,4365,6,0,133,4867
1787380044,4365,6,0,133,4927
1787380104,4365,6,0,133,4987
1787380164,4365,6,0,133,5047
1787380224,4365,6,0,133,5107
1787380284,4365,6,0,133,5168
1787380344,4365,6,0,133,5228
1787380404,4365,6,0,133,5288
1787380464,4365,6,0,133,5348
1787380525,4365,6,0,133,5408
1787380585,4365,6,0,134,5468
1787380645,4365,6,0,134,5528
1787380705,4365,6,0,134,5588
1787380765,4365,6,0,134,5648
1787380825,4365,6,0,134,5708
1787380885,4365,6,0,134,5768
1787380945,4365,6,0,134,5829
1787381005,4365,6,0,134,5889
1787381065,4365,6,0,134,5949
1787381125,4365,6,0,134,6009
1787381186,4365,6,0,134,6069
1787381246,4365,6,0,134,6129
1787381306,4365,6,0,134,6189
1787381366,4365,6,0,134,6249
1787381426,4365,6,0,134,6310
1787381486,4365,6,0,134,6370
1787381546,4365,6,0,134,6430
1787381607,4365,6,0,134,6490
1787381667,4365,6,0,134,6550
1787381727,4365,6,0,134,6610
1787381787,4365,6,0,134,6670
1787381847,4365,6,0,134,6731
1787381907,4365,6,0,134,6791
1787381967,4365,6,0,134,6851
1787382028,4365,6,0,134,6911
1787382088,4365,6,0,134,6971
1787382148,4365,6,0,134,7031
1787382208,4365,6,0,134,7091
1787382268,4365,6,0,134,7151
1787382328,4365,6,0,134,7212
1787382388,4365,6,0,134,7272
1787382448,4365,6,0,134,7332
1787382508,4365,6,0,134,7392
1787382569,4366,6,0,134,0
1787382629,4366,6,0,134,60
1787382689,4366,6,0,134,120
1787382749,4366,6,0,134,180
1787382809,4366,6,0,134,240
1787382869,4366,6,0,134,300
1787382929,4366,6,0,134,360
1787382989,4366,6,0,134,420
1787383049,4366,6,0,134,480
1787383110,4366,6,0,134,541
1787383170,4366,6,0,134,601
1787383230,4366,6,0,134,661
1787383290,4366,6,0,134,721
1787383350,4366,6,0,134,781
1787383410,4366,6,0,134,841
1787383470,4366,6,0,134,901
1787383530,4366,6,0,134,961
1787383591,4366,6,0,134,1022
1787383651,4366,6,0,134,1082
1787383711,4366,6,0,134,1142
1787383771,4366,6,0,134,1202
1787383831,4366,6,0,134,1262
1787383891,4366,6,0,134,1322
1787383951,4366,6,0,134,1382
1787384011,4366,6,0,134,1442
1787384071,4366,6,0,134,1502
1787384132,4366,6,0,134,1563
1787384192,4366,6,0,134,1623
1787384252,4366,6,0,134,1683
1787384312,4366,6,0,134,1743
1787384372,4366,6,0,134,1803
1787384432,4366,6,0,134,1863
1787384492,4366,6,0,134,1923
1787384552,4366,6,0,134,1983
1787384612,4366,6,0,134,2043
1787384672,4366,6,0,134,2103
1787384732,4366,6,0,134,2163
1787384792,4366,6,0,134,2223
1787384853,4366,6,0,134,2284
1787384913,4366,6,0,134,2344
1787384973,4366,6,0,134,2404
1787385033,4366,6,0,134,2464
1787385093,4366,6,0,134,2524
1787385153,4366,6,0,134,2584
1787385213,4366,6,0,134,2644
1787385273,4366,6,0,134,2704
1787385333,4366,6,0,134,2764
1787385393,4366,6,0,134,2824
1787385453,4366,6,0,134,2884
1787385513,4366,6,0,134,2944
1787385574,4366,6,0,134,3005
1787385634,4366,6,0,134,3065
1787385694,4366,6,0,134,3125
1787385754,4366,6,0,134,3185
1787385814,4366,6,0,134,3245
1787385874,4366,6,0,134,3305
1787385934,4366,6,0,134,3365
1787385994,4366,6,0,134,3425
1787386054,4366,6,0,134,3485
1787386114,4366,6,0,134,3545
1787386175,4366,6,0,134,3606
1787386235,4366,6,0,134,3666
1787386295,4366,6,0,134,3726
1787386355,4366,6,0,134,3786
1787386415,4366,6,0,134,3846
1787386475,4366,6,0,134,3906
1787386535,4366,6,0,134,3966
1787386595,4366,6,0,134,4026
1787386655,4366,6,0,134,4086
1787386715,4366,6,0,134,4146
1787386775,4366,6,0,134,4206
1787386836,4366,6,0,134,4267
1787386896,4366,6,0,134,4327
1787386956,4366,6,0,134,4387
1787387016,4366,6,0,134,4447
1787387076,4366,6,0,134,4507
1787387136,4366,6,0,134,4567
1787387196,4366,6,0,134,4627
1787387256,4366,6,0,134,4687
1787387316,4366,6,0,134,4747
1787387376,4366,6,0,134,4807
1787387437,4366,6,0,134,4868
1787387497,4368,6,0,134,0
1787387557,4368,6,0,134,60
1787387617,4368,6,0,134,120
1787387677,4368,6,0,134,180
1787387737,4368,6,0,134,240
1787387797,4368,6,0,134,300
1787387857,4368,6,0,134,360
1787387917,4368,6,0,134,420
1787387977,4368,6,0,134,480
1787388038,4368,6,0,134,540
1787388098,4368,6,0,134,600
1787388158,4368,6,0,134,660
1787388218,4368,6,0,135,720
1787388278,4368,6,0,135,781
1787388338,4368,6,0,136,841
1787388398,4368,6,0,136,901
1787388458,4368,6,0,136,961
1787388518,4368,6,0,137,1021
1787388578,4368,6,0,137,1081
1787388638,4368,6,0,137,1141
1787388699,4368,6,0,137,1201
1787388759,4368,6,0,137,1261
1787388819,4368,6,0,137,1321
1787388879,4368,6,0,137,1381
1787388939,4368,6,0,137,1442
1787388999,4368,6,0,137,1502
1787389059,4368,6,0,137,1562
1787389119,4368,6,0,137,1622
1787389179,4368,6,0,137,1682
1787389239,4368,6,0,137,1742
1787389299,4368,6,0,137,1802
1787389360,4368,6,0,137,1862
1787389420,4368,6,0,137,1922
1787389480,4368,6,0,137,1982
1787389540,4368,6,0,137,2043
1787389600,4368,6,0,137,2103
1787389660,4368,6,0,137,2163
1787389720,4368,6,0,137,2223
1787389780,4368,6,0,137,2283
1787389840,4368,6,0,137,2343
1787389900,4368,6,0,137,2403
1787389961,4368,6,0,137,2463
1787390021,4368,6,0,137,2523
1787390081,4368,6,0,137,2583
1787390141,4368,6,0,137,2643
1787390201,4368,6,0,137,2704
1787390261,4368,6,0,137,2764
1787390321,4368,6,0,137,2824
1787390381,4368,6,0,137,2884
1787390441,4368,6,0,137,2944
1787390501,4368,6,0,137,3004
1787390561,4368,6,0,137,3064
1787390622,4368,6,0,137,3124
1787390682,4368,6,0,137,3184
1787390742,4368,6,0,137,3244
1787390802,4368,6,0,137,3304
1787390862,4368,6,0,137,3365
1787390922,4368,6,0,137,3425
1787390982,4368,6,0,137,3485
1787391042,4368,6,0,137,3545
1787391102,4368,6,0,137,3605
1787391162,4368,6,0,137,3665
1787391222,4368,6,0,137,3725
1787391282,4368,6,0,137,3785
1787391343,4368,6,0,137,3845
1787391403,4368,6,0,137,3905
1787391463,4368,6,0,137,3965
1787391523,4368,6,0,137,4025
1787391583,4368,6,0,137,4086
1787391643,4368,6,0,137,4146
1787391703,4368,6,0,137,4206
1787391763,4368,6,0,137,4266
1787391823,4368,6,0,137,4326
1787391883,4368,6,0,137,4386
1787391943,4368,6,0,137,4446
1787392004,4368,6,0,137,4506
1787392064,4368,6,0,137,4566
1787392124,4368,6,0,137,4626
1787392184,4368,6,0,137,4686
1787392244,4368,6,0,137,4747
1787392304,4368,6,0,137,4807
1787392364,4368,6,0,137,4867
1787392424,4368,6,0,137,4927
1787392484,4368,6,0,137,4987
1787392544,4368,6,0,137,5047
1787392604,4368,6,0,137,5107
1787392665,4368,6,0,137,5167
1787392725,4368,6,0,137,5227
1787392785,4368,6,0,137,5288
1787392845,4368,6,0,137,5348
1787392905,4368,6,0,137,5408
1787392965,4368,6,0,137,5468
1787393025,4368,6,0,137,5528
1787393085,4368,6,0,137,5588
1787393146,4368,6,0,137,5648
1787393206,4368,6,0,137,5708
1787393266,4368,6,0,137,5768
1787393326,4368,6,0,137,5828
1787393386,4368,6,0,140,5889
1787393446,4368,6,0,140,5949
1787393506,4368,6,0,140,6009
1787393566,4368,6,0,140,6069
1787393626,4412,6,0,140,0
1787393686,4412,6,0,140,60
1787393746,4412,6,0,140,120
1787393807,4412,6,0,140,180
1787393867,4412,6,0,140,240
1787393927,4412,6,0,142,300
1787393987,4412,6,0,142,360
1787394047,4412,6,0,145,420
1787394107,4412,6,0,147,480
1787394167,4412,6,0,148,540
1787394227,4412,6,0,148,600
1787394287,4414,6,0,148,0
1787394347,4414,6,0,152,60
1787394407,4414,6,0,152,120
1787394468,4414,6,0,154,180
1787394528,4414,6,0,157,240
1787394588,4414,6,0,157,300
1787394648,4414,6,0,157,360
1787394708,4414,6,0,157,420
1787394768,4414,6,0,157,480
1787394828,4414,6,0,157,540
1787394888,4414,6,0,157,601
1787394948,4414,6,0,158,661
1787395008,4414,6,0,158,721
1787395069,4414,6,0,158,781
1787395129,4414,6,0,158,841
1787395189,4414,6,0,160,901
1787395249,4414,6,0,163,961
1787395309,4414,6,0,164,1021
1787395369,4414,6,0,165,1081
1787395429,4414,6,0,166,1141
1787395489,4414,6,0,166,1201
1787395549,4414,6,0,166,1261
1787395609,4414,6,0,166,1322
1787395669,4414,6,0,166,1382
1787395730,4414,6,0,167,1442
1787395790,4414,6,0,168,1502
1787395850,4414,6,0,168,1562
1787395910,4414,6,0,168,1622
1787395970,4414,6,0,168,1682
1787396030,4414,6,0,168,1742
1787396090,4414,6,0,168,1802
1787396150,4414,6,0,168,1862
1787396210,4414,6,0,168,1923
1787396270,4414,6,0,168,1983
1787396331,4414,6,0,168,2043
1787396391,4414,6,0,168,2103
1787396451,4414,6,0,168,2163
1787396511,4414,6,0,168,2223
1787396571,4414,6,0,168,2283
1787396631,4414,6,0,168,2343
1787396691,4414,6,0,168,2403
1787396751,4414,6,0,168,2463
1787396811,4414,6,0,168,2524
1787396871,4414,6,0,168,2584
1787396931,4414,6,0,168,2644
1787396991,4414,6,0,168,2704
1787397052,4456,6,0,169,0
1787397112,4456,6,0,169,60
1787397172,4456,6,0,169,120
1787397232,4456,6,0,169,180
1787397292,4456,6,0,170,240
1787397352,4456,6,0,170,300
1787397412,4456,6,0,170,360
1787397472,4456,6,0,170,420
1787397532,4456,6,0,170,480
1787397592,4456,6,0,170,540
1787397653,4456,6,0,170,600
1787397713,4456,6,0,170,661
1787397773,4456,6,0,170,721
1787397833,4456,6,0,170,781
1787397893,4458,6,0,170,0
1787397953,4458,6,0,170,60
1787398013,4458,6,0,170,120
1787398073,4458,6,0,170,180
1787398133,4458,6,0,170,240
1787398193,4458,6,0,170,300
1787398254,4458,6,0,170,360
1787398314,4458,6,0,170,420
1787398374,4458,6,0,170,480
1787398434,4458,6,0,170,540
1787398494,4458,6,0,170,601
1787398554,4458,6,0,170,661
1787398614,4458,6,0,170,721
1787398674,4458,6,0,170,781
1787398734,4458,6,0,170,841
1787398794,4458,6,0,170,901
1787398855,4458,6,0,170,961
1787398915,4458,6,0,170,1021
1787398975,4458,6,0,170,1081
1787399035,4458,6,0,170,1141
1787399095,4458,6,0,170,1201
1787399155,4458,6,0,170,1262
1787399215,4458,6,0,170,1322
1787399275,4458,6,0,170,1382
1787399335,4458,6,0,170,1442
1787399395,4458,6,0,170,1502
1787399456,4458,6,0,170,1562
1787399516,4458,6,0,170,1622
1787399576,4458,6,0,170,1682
1787399636,4458,6,0,170,1742
1787399696,4458,6,0,170,1802
1787399756,4458,6,0,170,1863
1787399816,4458,6,0,170,1923
1787399876,4458,6,0,170,1983
1787399936,4458,6,0,170,2043
1787399996,4458,6,0,170,2103
1787400056,4458,6,0,170,2163
1787400117,4458,6,0,170,2223
1787400177,4458,6,0,170,2283
1787400237,4458,6,0,170,2343
1787400297,4458,6,0,170,2403
1787400357,4458,6,0,170,2463
1787400417,4458,6,0,170,2524
1787400477,4458,6,0,170,2584
1787400537,4458,6,0,170,2644
1787400597,4458,6,0,170,2704
1787400657,4458,6,0,170,2764
1787400718,4458,6,0,170,2824
1787400778,4458,6,0,170,2884
1787400838,4458,6,0,170,2944
1787400898,4458,6,0,170,3004
1787400958,4458,6,0,170,3064
1787401018,4458,6,0,170,3125
1787401078,4458,6,0,170,3185
1787401138,4458,6,0,170,3245
1787401198,4458,6,0,170,3305
1787401258,4458,6,0,170,3365
1787401318,4458,6,0,170,3425
1787401378,4458,6,0,170,3485
1787401439,4458,6,0,170,3545
1787401499,4458,6,0,170,3605
1787401559,4458,6,0,170,3665
1787401619,4458,6,0,170,3725
1787401679,4458,6,0,170,3785
1787401739,4458,6,0,170,3846
1787401799,4458,6,0,170,3906
1787401859,4458,6,0,170,3966
1787401919,4458,6,0,170,4026
1787401979,4458,6,0,170,4086
1787402040,4458,6,0,170,4146
1787402100,4458,6,0,170,4206
1787402160,4458,6,0,170,4266
1787402220,4458,6,0,170,4326
1787402280,4458,6,0,170,4387
1787402340,4458,6,0,170,4447
1787402400,4458,6,0,170,4507
1787402460,4458,6,0,170,4567
1787402520,4458,6,0,170,4627
1787402581,4458,6,0,170,4687
1787402641,4458,6,0,170,4747
1787402701,4458,6,0,170,4807
1787402761,4458,6,0,170,4867
1787402821,4458,6,0,170,4927
1787402881,4458,6,0,170,4988
1787402941,4458,6,0,170,5048
1787403001,4458,6,0,170,5108
1787403061,4458,6,0,170,5168
1787403121,4458,6,0,170,5228
1787403182,4458,6,0,170,5288
1787403242,4458,6,0,170,5348
1787403302,4458,6,0,170,5408
1787403362,4458,6,0,170,5468
1787403422,4458,6,0,170,5528
1787403482,4458,6,0,170,5589
1787403542,4458,6,0,170,5649
1787403602,4458,6,0,170,5709
1787403662,4458,6,0,170,5769
1787403723,4458,6,0,170,5829
1787403783,4458,6,0,170,5889
1787403843,4458,6,0,170,5949
1787403903,4458,6,0,170,6009
1787403963,4458,6,0,170,6069
1787404023,4458,6,0,170,6130
1787404083,4458,6,0,170,6190
1787404143,4458,6,0,170,6250
1787404203,4458,6,0,170,6310
1787404263,4458,6,0,170,6370
1787404324,4458,6,0,170,6430
1787404384,4458,6,0,170,6490
1787404444,4458,6,0,170,6550
1787404504,4458,6,0,170,6610
1787404564,4458,6,0,170,6671
1787404624,4458,6,0,170,6731
1787404684,4458,6,0,170,6791
1787404744,4458,6,0,170,6851
1787404804,4458,6,0,171,6911
1787404865,4458,6,0,171,6971
1787404925,4458,6,0,171,7031
1787404985,4458,6,0,171,7091
1787405045,4458,6,0,171,7151
1787405105,4458,6,0,171,7212
1787405165,4458,6,0,171,7272
1787405225,4458,6,0,171,7332
1787405285,4458,6,0,171,7392
1787405345,4458,6,0,171,7452
1787405406,4458,6,0,171,7512
1787405466,4458,6,0,171,7572
1787405526,4458,6,0,171,7632
1787405586,4458,6,0,171,7692
1787405646,4458,6,0,171,7752
1787405706,4458,6,0,171,7813
1787405766,4458,6,0,171,7873
1787405826,4458,6,0,171,7933
1787405886,4458,6,0,171,7993
1787405946,4459,6,0,171,0
1787406007,4459,6,0,171,60
1787406067,4459,6,0,171,120
1787406127,4459,6,0,171,180
1787406187,4464,6,0,171,0
1787406247,4464,6,0,171,60
1787406307,4464,6,0,171,120
1787406367,4464,6,0,171,180
1787406427,4464,6,0,171,240
1787406487,4464,6,0,171,300
1787406547,4464,6,0,171,360
1787406607,4464,6,0,171,420
1787406668,4464,6,0,171,480
1787406728,4464,6,0,171,540
1787406788,4464,6,0,171,600
1787406848,4464,6,0,171,660
1787406908,4464,6,0,171,721
1787406968,4464,6,0,171,781
1787407028,4464,6,0,171,841
1787407088,4464,6,0,171,901
1787407148,4464,6,0,171,961
1787407208,4464,6,0,171,1021
1787407268,4464,6,0,171,1081
1787407329,4464,6,0,171,1141
1787407389,4464,6,0,171,1201
1787407449,4464,6,0,171,1261
1787407509,4464,6,0,171,1321
1787407569,4464,6,0,171,1382
1787407629,4464,6,0,171,1442
1787407689,4464,6,0,171,1502
1787407749,4464,6,0,171,1562
1787407809,4464,6,0,171,1622
1787407869,4464,6,0,171,1682
1787407930,4464,6,0,171,1742
1787407990,4464,6,0,171,1802
1787408050,4464,6,0,171,1862
1787408110,4464,6,0,171,1923
1787408170,4464,6,0,171,1983
1787408230,4464,6,0,171,2043
1787408290,4464,6,0,171,2103
1787408350,4464,6,0,171,2163
1787408410,4464,6,0,171,2223
1787408471,4464,6,0,171,2283
1787408531,4464,6,0,171,2343
1787408591,4464,6,0,171,2403
1787408651,4464,6,0,171,2463
1787408711,4464,6,0,171,2524
1787408771,4464,6,0,171,2584
1787408831,4464,6,0,171,2644
1787408891,4464,6,0,171,2704
1787408951,4464,6,0,171,2764
1787409011,4464,6,0,171,2824
1787409071,4464,6,0,171,2884
1787409132,4464,6,0,171,2944
1787409192,4464,6,0,171,3004
1787409252,4464,6,0,171,3065
1787409312,4464,6,0,171,3125
1787409372,4464,6,0,171,3185
1787409432,4464,6,0,171,3245
1787409492,4464,6,0,171,3305
1787409552,4464,6,0,171,3365
1787409612,4464,6,0,171,3425
1787409672,4464,6,0,171,3485
1787409733,4464,6,0,171,3545
1787409793,4464,6,0,171,3605
1787409853,4464,6,0,171,3665
1787409913,4464,6,0,171,3725
1787409973,4464,6,0,171,3786
1787410033,4464,6,0,171,3846
1787410093,4464,6,0,171,3906
1787410153,4464,6,0,171,3966
1787410213,4464,6,0,171,4026
1787410273,4464,6,0,171,4086
1787410334,4464,6,0,171,4146
1787410394,4464,6,0,171,4206
1787410454,4464,6,0,171,4266
1787410514,4464,6,0,171,4326
1787410574,4464,6,0,171,4387
1787410634,4464,6,0,171,4447
1787410694,4464,6,0,171,4507
1787410754,4464,6,0,171,4567
1787410814,4464,6,0,171,4627
1787410874,4464,6,0,171,4687
1787410935,4464,6,0,171,4747
1787410995,4464,6,0,171,4807
1787411055,4464,6,0,171,4867
1787411115,4464,6,0,171,4928
1787411175,4464,6,0,171,4988
1787411235,4464,6,0,171,5048
1787411295,4464,6,0,171,5108
1787411355,4464,6,0,171,5168
1787411415,4464,6,0,171,5228
1787411475,4464,6,0,171,5288
1787411536,4464,6,0,171,5348
1787411596,4464,6,0,171,5408
1787411656,4464,6,0,171,5468
1787411716,4464,6,0,171,5529
1787411776,4464,6,0,171,5589
1787411836,4464,6,0,171,5649
1787411896,4464,6,0,171,5709
1787411956,4464,6,0,171,5769
1787412016,4464,6,0,171,5829
1787412077,4464,6,0,171,5889
1787412137,4464,6,0,171,5949
1787412197,4464,6,0,171,6009
1787412257,4464,6,0,171,6070
1787412317,4464,6,0,171,6130
1787412377,4464,6,0,171,6190
1787412437,4464,6,0,171,6250
1787412497,4464,6,0,171,6310
1787412557,4464,6,0,171,6370
1787412618,4464,6,0,171,6430
1787412678,4464,6,0,171,6490
1787412738,4464,6,0,171,6550
1787412798,4464,6,0,171,6610
1787412858,4464,6,0,171,6671
1787412918,4464,6,0,171,6731
1787412978,4464,6,0,171,6791
1787413038,4464,6,0,171,6851
1787413098,4464,6,0,171,6911
1787413158,4464,6,0,171,6971
1787413219,4464,6,0,171,7031
1787413279,4464,6,0,171,7091
1787413339,4464,6,0,171,7151
1787413399,4464,6,0,171,7212
1787413459,4464,6,0,171,7272
1787413519,4464,6,0,171,7332
1787413579,4464,6,0,171,7392
1787413639,4464,6,0,171,7452
1787413699,4464,6,0,171,7512
1787413760,4464,6,0,171,7572
1787413820,4464,6,0,171,7632
1787413880,4464,6,0,172,7692
1787413940,4464,6,0,172,7752
1787414000,4464,6,0,172,7813
1787414060,4464,6,0,172,7873
1787414120,4464,6,0,172,7933
1787414180,4464,6,0,172,7993
1787414240,4464,6,0,172,8053
1787414300,4464,6,0,172,8113
1787414361,4464,6,0,172,8173
1787414421,4464,6,0,172,8233
1787414481,4464,6,0,172,8293
1787414541,4464,6,0,172,8354
1787414601,4464,6,0,172,8414
1787414661,4464,6,0,172,8474
1787414721,4464,6,0,172,8534
1787414781,4464,6,0,172,8594
1787414841,4464,6,0,172,8654
1787414901,4464,6,0,172,8714
1787414962,4464,6,0,172,8774
1787415022,4464,6,0,172,8834
1787415082,4464,6,0,172,8894
1787415142,4464,6,0,172,8954
1787415202,4464,6,0,172,9015
1787415262,4464,6,0,172,9075
1787415322,4464,6,0,172,9135
1787415382,4464,6,0,172,9195
1787415442,4464,6,0,172,9255
1787415503,4464,6,0,172,9315
1787415563,4464,6,0,172,9375
1787415623,4464,6,0,172,9435
1787415683,4464,6,0,172,9496
1787415743,4464,6,0,172,9556
1787415803,4464,6,0,172,9616
1787415863,4464,6,0,172,9676
1787415923,4464,6,0,172,9736
1787415983,4464,6,0,172,9796
1787416044,4464,6,0,172,9856
1787416104,4464,6,0,172,9916
1787416164,4464,6,0,172,9976
1787416224,4464,6,0,172,10037
1787416284,4464,6,0,172,10097
1787416344,4464,6,0,172,10157
1787416404,4464,6,0,172,10217
1787416464,4464,6,0,172,10277
1787416524,4464,6,0,172,10337
1787416584,4464,6,0,172,10397
1787416645,4464,6,0,172,10457
1787416705,4464,6,0,172,10517
1787416765,4464,6,0,172,10577
1787416825,4464,6,0,172,10638
1787416885,4464,6,0,172,10698
1787416945,4464,6,0,172,10758
1787417005,4464,6,0,172,10818
1787417065,4464,6,0,172,10878
1787417126,4464,6,0,172,10938
1787417186,4464,6,0,172,10998
1787417246,4464,6,0,172,11058
1787417306,4464,6,0,172,11118
1787417366,4464,6,0,172,11179
1787417426,4464,6,0,172,11239
1787417486,4464,6,0,172,11299
1787417546,4464,6,0,172,11359
1787417606,4464,6,0,172,11419
1787417666,4464,6,0,172,11479
1787417727,4464,6,0,172,11539
1787417787,4464,6,0,172,11599
1787417847,4464,6,0,172,11659
1787417907,4464,6,0,172,11720
1787417967,4464,6,0,172,11780
1787418027,4464,6,0,172,11840
1787418087,4464,6,0,172,11900
1787418147,4464,6,0,172,11960
1787418207,4464,6,0,172,12020
1787418268,4464,6,0,172,12080
1787418328,4464,6,0,172,12140
1787418388,4464,6,0,172,12200
1787418448,4464,6,0,172,12261
1787418508,4464,6,0,172,12321
1787418568,4464,6,0,172,12381
1787418628,4464,6,0,172,12441
1787418688,4464,6,0,172,12501
1787418748,4464,6,0,172,12561
1787418809,4464,6,0,172,12621
1787418869,4464,6,0,172,12681
1787418929,4464,6,0,172,12742
1787418989,4464,6,0,172,12802
1787419049,4464,6,0,172,12862
1787419109,4464,6,0,172,12922
1787419169,4464,6,0,172,12982
1787419229,4464,6,0,172,13042
1787419290,4464,6,0,172,13102
1787419350,4464,6,0,172,13162
1787419410,4464,6,0,172,13222
1787419470,4464,6,0,172,13282
1787419530,4464,6,0,172,13343
1787419590,4464,6,0,172,13403
1787419650,4464,6,0,172,13463
1787419710,4464,6,0,172,13523
1787419770,4464,6,0,172,13583
1787419830,4464,6,0,172,13643
1787419891,4464,6,0,172,13703
1787419951,4464,6,0,172,13763
1787420011,4464,6,0,172,13823
1787420071,4464,6,0,172,13884
1787420131,4464,6,0,172,13944
1787420191,4464,6,0,172,14004
1787420251,4464,6,0,172,14064
1787420311,4464,6,0,172,14124
1787420371,4464,6,0,172,14184
1787420432,4464,6,0,172,14244
1787420492,4464,6,0,172,14304
1787420552,4464,6,0,172,14364
1787420612,4464,6,0,172,14425
1787420672,4464,6,0,172,14485
1787420732,4464,6,0,172,14545
1787420792,4464,6,0,172,14605
1787420852,4464,6,0,172,14665
1787420912,4464,6,0,172,14725
1787420973,4464,6,0,172,14785
1787421033,4464,6,0,172,14845
1787421093,4464,6,0,172,14906
1787421153,4464,6,0,172,14966
1787421213,4464,6,0,172,15026
1787421273,4464,6,0,172,15086
1787421333,4464,6,0,172,15146
1787421393,4464,6,0,172,15206
1787421454,4464,6,0,172,15266
1787421514,4464,6,0,172,15326
1787421574,4464,6,0,172,15386
1787421634,4464,6,0,172,15447
1787421694,4464,6,0,172,15507
1787421754,4464,6,0,172,15567
1787421814,4464,6,0,172,15627
1787421875,4464,6,0,172,15687
1787421935,4464,6,0,172,15747
1787421995,4464,6,0,172,15807
1787422055,4464,6,0,172,15868
1787422115,4464,6,0,172,15928
1787422175,4464,6,0,172,15988
1787422235,4464,6,0,172,16048
1787422295,4464,6,0,172,16108
1787422355,4464,6,0,172,16168
1787422416,4464,6,0,172,16228
1787422476,4464,6,0,172,16288
1787422536,4464,6,0,172,16348
1787422596,4464,6,0,172,16409
1787422656,4464,6,0,172,16469
1787422716,4464,6,0,172,16529
1787422776,4464,6,0,172,16589
1787422836,4464,6,0,172,16649
1787422896,4464,6,0,172,16709
1787422957,4464,6,0,172,16769
1787423017,4464,6,0,172,16829
1787423077,4464,6,0,172,16889
1787423137,4464,6,0,172,16950
1787423197,4464,6,0,172,17010
1787423257,4464,6,0,172,17070
1787423317,4464,6,0,172,17130
1787423377,4464,6,0,172,17190
1787423437,4464,6,0,172,17250
1787423497,4464,6,0,172,17310
1787423558,4464,6,0,172,17370
1787423618,4464,6,0,172,17430
1787423678,4464,6,0,172,17490
1787423738,4464,6,0,172,17551
1787423798,4464,6,0,172,17611
1787423858,4464,6,0,172,17671
1787423918,4464,6,0,172,17731
1787423978,4464,6,0,172,17791
1787424039,4464,6,0,172,17851
1787424099,4464,6,0,172,17911
1787424159,4464,6,0,172,17971
1787424219,4464,6,0,172,18032
1787424279,4464,6,0,172,18092
1787424339,4464,6,0,172,18152
1787424399,4464,6,0,172,18212
1787424459,4464,6,0,172,18272
1787424520,4464,6,0,172,18332
1787424580,4464,6,0,172,18392
1787424640,4464,6,0,172,18453
1787424700,4464,6,0,172,18513
1787424760,4464,6,0,172,18573
1787424820,4464,6,0,172,18633
1787424880,4464,6,0,172,18693
1787424940,4464,6,0,172,18753
1787425001,4464,6,0,172,18813
1787425061,4464,6,0,172,18873
1787425121,4464,6,0,172,18933
1787425181,4464,6,0,172,18994
1787425241,4464,6,0,172,19054
1787425301,4464,6,0,172,19114
1787425361,4464,6,0,172,19174
1787425421,4464,6,0,172,19234
1787425482,4464,6,0,172,19294
1787425542,4464,6,0,172,19354
1787425602,4464,6,0,172,19414
1787425662,4464,6,0,172,19474
1787425722,4464,6,0,172,19535
1787425782,4464,6,0,172,19595
1787425842,4464,6,0,172,19655
1787425902,4464,6,0,172,19715
1787425962,4464,6,0,172,19775
1787426022,4464,6,0,172,19835
1787426083,4464,6,0,172,19895
1787426143,4464,6,0,172,19955
1787426203,4464,6,0,172,20015
1787426263,4464,6,0,172,20076
1787426323,4464,6,0,172,20136
1787426383,4464,6,0,172,20196
1787426443,4464,6,0,172,20256
1787426503,4464,6,0,172,20316
1787426564,4464,6,0,172,20376
1787426624,4464,6,0,172,20436
1787426684,4464,6,0,172,20496
1787426744,4464,6,0,172,20557
1787426804,4464,6,0,172,20617
1787426864,4464,6,0,172,20677
1787426924,4464,6,0,172,20737
1787426984,4464,6,0,172,20797
1787427044,4464,6,0,172,20857
1787427105,4464,6,0,172,20917
1787427165,4464,6,0,172,20977
1787427225,4464,6,0,172,21037
1787427285,4464,6,0,172,21098
1787427345,4464,6,0,172,21158
1787427405,4464,6,0,172,21218
1787427465,4464,6,0,172,21278
1787427525,4464,6,0,172,21338
1787427585,4464,6,0,172,21398
1787427646,4464,6,0,172,21458
1787427706,4464,6,0,172,21518
1787427766,4464,6,0,172,21578
1787427826,4464,6,0,172,21639
1787427886,4464,6,0,172,21699
1787427946,4464,6,0,172,21759
1787428006,4464,6,0,172,21819
1787428066,4464,6,0,172,21879
1787428126,4464,6,0,172,21939
1787428187,4464,6,0,172,21999
1787428247,4464,6,0,172,22059
1787428307,4464,6,0,172,22119
1787428367,4464,6,0,172,22180
1787428427,4464,6,0,172,22240
1787428487,4464,6,0,172,22300
1787428547,4464,6,0,172,22360
1787428607,4464,6,0,172,22420
1787428667,4464,6,0,172,22480
1787428728,4464,6,0,172,22540
1787428788,4464,6,0,172,22600
1787428848,4464,6,0,172,22660
1787428908,4464,6,0,172,22721
1787428968,4464,6,0,172,22781
1787429028,4464,6,0,172,22841
1787429088,4464,6,0,172,22901
1787429148,4464,6,0,172,22961
1787429209,4464,6,0,172,23021
1787429269,4464,6,0,172,23081
1787429329,4464,6,0,172,23141
1787429389,4464,6,0,172,23202
1787429449,4464,6,0,172,23262
1787429509,4464,6,0,172,23322
1787429569,4464,6,0,172,23382
1787429629,4464,6,0,172,23442
1787429689,4464,6,0,172,23502
1787429749,4464,6,0,172,23562
1787429810,4464,6,0,172,23622
1787429870,4464,6,0,172,23682
1787429930,4464,6,0,172,23742
1787429990,4464,6,0,172,23803
1787430050,4464,6,0,172,23863
1787430110,4464,6,0,172,23923
1787430170,4464,6,0,172,23983
1787430230,4464,6,0,172,24043
1787430290,4464,6,0,172,24103
1787430350,4464,6,0,172,24163
1787430411,4464,6,0,172,24223
1787430471,4464,6,0,172,24283
1787430531,4464,6,0,172,24343
1787430591,4464,6,0,172,24404
1787430651,4464,6,0,172,24464
1787430711,4464,6,0,172,24524
1787430771,4464,6,0,172,24584
1787430831,4464,6,0,172,24644
1787430891,4464,6,0,172,24704
1787430952,4464,6,0,172,24764
1787431012,4464,6,0,172,24824
1787431072,4464,6,0,172,24884
1787431132,4464,6,0,172,24945
1787431192,4464,6,0,172,25005
1787431252,4464,6,0,172,25065
1787431312,4464,6,0,172,25125
1787431372,4464,6,0,172,25185
1787431432,4464,6,0,172,25245
1787431492,4464,6,0,172,25305
1787431553,4464,6,0,172,25365
1787431613,4464,6,0,172,25425
1787431673,4464,6,0,172,25486
1787431733,4464,6,0,172,25546
1787431793,4464,6,0,172,25606
1787431853,4464,6,0,172,25666
1787431913,4464,6,0,172,25726
1787431973,4464,6,0,172,25786
1787432034,4464,6,0,172,25846
1787432094,4464,6,0,172,25906
1787432154,4464,6,0,172,25966
1787432214,4464,6,0,172,26027
1787432274,4464,6,0,172,26087
1787432334,4464,6,0,172,26147
1787432394,4464,6,0,172,26207
1787432454,4464,6,0,172,26267
1787432514,4464,6,0,172,26327
1787432575,4464,6,0,172,26387
1787432635,4464,6,0,172,26447
1787432695,4464,6,0,172,26508
1787432755,4464,6,0,172,26568
1787432815,4464,6,0,172,26628
1787432875,4464,6,0,172,26688
1787432935,4464,6,0,172,26748
1787432995,4464,6,0,172,26808
1787433056,4464,6,0,172,26868
1787433116,4464,6,0,172,26928
1787433176,4464,6,0,172,26989
1787433236,4464,6,0,172,27049
1787433296,4464,6,0,172,27109
1787433356,4464,6,0,172,27169
1787433416,4464,6,0,172,27229
1787433476,4464,6,0,172,27289
1787433537,4464,6,0,172,27349
1787433597,4464,6,0,173,27409
1787433657,4464,6,0,173,27470
1787433717,4464,6,0,173,27530
1787433777,4464,6,0,173,27590
1787433837,4464,6,0,173,27650
1787433897,4464,6,0,173,27710
1787433957,4464,6,0,173,27770
1787434018,4464,6,0,173,27830
1787434078,4464,6,0,173,27890
1787434138,4464,6,0,173,27950
1787434198,4464,6,0,173,28010
1787434258,4464,6,0,173,28071
1787434318,4464,6,0,173,28131
1787434378,4464,6,0,173,28191
1787434438,4465,6,0,173,0
1787434498,4465,6,0,173,60
1787434559,4465,6,0,173,120
1787434619,4465,6,0,173,180
1787434679,4465,6,0,173,240
1787434739,4465,6,0,173,300
1787434799,4465,6,0,173,360
1787434859,4465,6,0,173,420
1787434919,4465,6,0,173,480
1787434979,4465,6,0,173,541
1787435040,4465,6,0,173,601
1787435100,4465,6,0,173,661
1787435160,4465,6,0,173,721
1787435220,4465,6,0,173,781
1787435280,4465,6,0,173,841
1787435340,4465,6,0,173,901
1787435400,4465,6,0,173,961
1787435460,4465,6,0,173,1021
1787435520,4465,6,0,173,1082
1787435581,4465,6,0,173,1142
1787435641,4465,6,0,173,1202
1787435701,4465,6,0,173,1262
1787435761,4465,6,0,173,1322
1787435821,4465,6,0,173,1382
1787435881,4465,6,0,173,1442
1787435941,4465,6,0,173,1502
1787436001,4465,6,0,173,1563
1787436061,4465,6,0,173,1623
1787436122,4465,6,0,173,1683
1787436182,4465,6,0,173,1743
1787436242,4465,6,0,173,1803
1787436302,4465,6,0,173,1863
1787436362,4465,6,0,173,1923
1787436422,4465,6,0,173,1983
1787436482,4465,6,0,173,2044
1787436542,4465,6,0,173,2104
1787436603,4465,6,0,173,2164
1787436663,4465,6,0,173,2224
1787436723,4465,6,0,173,2284
1787436783,4465,6,0,173,2344
1787436843,4465,6,0,173,2404
1787436903,4465,6,0,173,2464
1787436963,4465,6,0,173,2525
1787437023,4465,6,0,173,2585
1787437084,4465,6,0,173,2645
1787437144,4465,6,0,173,2705
1787437204,4465,6,0,173,2765
1787437264,4465,6,0,173,2825
1787437324,4465,6,0,173,2885
1787437384,4465,6,0,173,2945
1787437444,4465,6,0,173,3006
1787437505,4465,6,0,173,3066
1787437565,4465,6,0,173,3126
1787437625,4465,6,0,173,3186
1787437685,4465,6,0,173,3246
1787437745,4465,6,0,173,3306
1787437805,4465,6,0,173,3366
1787437865,4465,6,0,173,3426
1787437925,4465,6,0,173,3487
1787437985,4465,6,0,173,3547
1787438045,4465,6,0,173,3607
1787438106,4465,6,0,173,3667
1787438166,4465,6,0,173,3727
1787438226,4465,6,0,173,3787
1787438286,4465,6,0,173,3847
1787438346,4465,6,0,173,3907
1787438406,4465,6,0,173,3967
1787438466,4465,6,0,173,4027
1787438526,4465,6,0,173,4087
1787438586,4465,6,0,173,4147
1787808901,4467,6,0,173,0
1787808961,4467,6,0,173,60
1787809021,4468,6,0,173,0
1787809081,4468,6,0,173,60
1787809141,4468,6,0,173,120
1787809201,4468,6,0,173,180
1787809262,4468,6,0,173,240
1787809322,4468,6,0,173,300
1787809382,4468,6,0,173,361
1787809442,4468,6,0,173,421
1787809502,4468,6,0,173,481
1787809562,4468,6,0,173,541
1787809622,4468,6,0,173,601
1787809683,4468,6,0,173,661
1787809743,4468,6,0,173,721
1787809803,4468,6,0,173,781
1787809863,4468,6,0,173,841
1787809923,4468,6,0,173,902
1787809983,4468,6,0,173,962
1787810043,4468,6,0,173,1022
1787810103,4468,6,0,173,1082
1787810163,4468,6,0,173,1142
1787810223,4468,6,0,173,1202
1787810284,4468,6,0,174,1262
1787810344,4468,6,0,174,1322
1787810404,4468,6,0,174,1382
1787810464,4468,6,0,174,1442
1787810524,4468,6,0,174,1503
1787810584,4468,6,0,174,1563
1787810644,4468,6,0,174,1623
1787810704,4468,6,0,174,1683
1787810764,4468,6,0,174,1743
1787810825,4468,6,0,174,1803
1787810885,4468,6,0,174,1863
1787810945,4468,6,0,174,1923
1787811005,4468,6,0,174,1983
1787811065,4468,6,0,174,2044
1787811125,4468,6,0,174,2104
1787811185,4468,6,0,174,2164
1787811245,4468,6,0,174,2224
1787811305,4468,6,0,174,2284
1787811365,4468,6,0,174,2344
1787811425,4468,6,0,174,2404
1787811486,4468,6,0,174,2464
1787811546,4468,6,0,174,2524
1787811606,4468,6,0,174,2584
1787811666,4468,6,0,174,2645
1787811726,4468,6,0,174,2705
1787811786,4468,6,0,174,2765
1787811846,4468,6,0,174,2825
1787811906,4468,6,0,174,2885
1787811967,4468,6,0,174,2945
1787812027,4468,6,0,174,3005
1787812087,4468,6,0,174,3066
1787812147,4468,6,0,174,3126
1787812207,4468,6,0,174,3186
1787812267,4468,6,0,174,3246
1787812328,4468,6,0,174,3306
1787812388,4468,6,0,174,3366
1787812448,4468,6,0,174,3426
1787812508,4468,6,0,174,3487
1787812568,4468,6,0,174,3547
1787812628,4468,6,0,174,3607
1787812688,4468,6,0,174,3667
1787812748,4468,6,0,174,3727
1787812808,4468,6,0,174,3787
1787812869,4468,6,0,174,3847
1787812929,4468,6,0,174,3907
1787812989,4468,6,0,174,3967
1787813049,4468,6,0,174,4028
1787813109,4468,6,0,174,4088
1787813169,4468,6,0,174,4148
1787813229,4468,6,0,174,4208
1787813290,4468,6,0,175,4268
1787813350,4468,6,0,175,4328
1787813410,4468,6,0,175,4389
1787813470,4468,6,0,175,4449
1787813530,4468,6,0,175,4509
1787813590,4468,6,0,175,4569
1787813650,4468,6,0,175,4629
1787813710,4468,6,0,175,4689
1787813770,4468,6,0,175,4749
1787813831,4468,6,0,175,4810
1787813892,4468,6,0,175,4870
1787813952,4468,6,0,175,4930
1787814012,4468,6,0,175,4991
1787814072,4468,6,0,175,5051
1787814132,4468,6,0,175,5111
1787814192,4468,6,0,175,5171
1787814253,4468,6,0,175,5231
1787814313,4469,6,0,175,0
1787814373,4469,6,0,175,60
1787814433,4469,6,0,175,120
1787814493,4469,6,0,175,180
1787814553,4469,6,0,175,240
1787814613,4469,6,0,175,300
1787814673,4469,6,0,175,360
1787814734,4469,6,0,175,420
1787814794,4469,6,0,175,480
1787814854,4469,6,0,175,540
1787814914,4469,6,0,175,601
1787814974,4469,6,0,175,661
1787815034,4469,6,0,175,721
1787815094,4469,6,0,175,781
1787815154,4469,6,0,175,841
1787815214,4469,6,0,175,901
1787815274,4469,6,0,175,961
1787815335,4469,6,0,175,1021
1787815395,4469,6,0,175,1081
1787815455,4469,6,0,175,1142
1787815515,4469,6,0,175,1202
1787815575,4469,6,0,175,1262
1787815635,4469,6,0,175,1322
1787815695,4469,6,0,175,1382
1787815755,4469,6,0,175,1442
1787815816,4469,6,0,175,1502
1787815876,4469,6,0,175,1563
1787815936,4469,6,0,175,1623
1787815996,4469,6,0,175,1683
1787816057,4469,6,0,175,1743
1787816117,4469,6,0,175,1804
1787816177,4469,6,0,175,1864
1787816237,4469,6,0,175,1924
1787816297,4469,6,0,175,1984
1787816357,4469,6,0,175,2044
1787816418,4469,6,0,175,2104
1787816478,4469,6,0,175,2165
1787816538,4469,6,0,175,2225
1787816598,4469,6,0,175,2285
1787816658,4469,6,0,175,2345
1787816719,4469,6,0,175,2405
1787816779,4469,6,0,175,2465
1787816839,4469,6,0,175,2526
1787816899,4469,6,0,175,2586
1787816960,4469,6,0,175,2647
1787817020,4469,6,0,175,2707
1787817081,4469,6,0,175,2767
1787817141,4469,6,0,175,2828
1787817201,4469,6,0,175,2888
1787817261,4469,6,0,175,2948
1787817321,4469,6,0,175,3008
1787817381,4469,6,0,175,3068
1787817441,4469,6,0,175,3128
1787817501,4469,6,0,175,3188
1787817562,4469,6,0,175,3248
1787817622,4469,6,0,175,3309
1787817682,4469,6,0,175,3369
1787817742,4469,6,0,175,3429
1787817802,4469,6,0,175,3489
1787817862,4469,6,0,175,3549
1787817922,4469,6,0,175,3609
1787817982,4469,6,0,175,3669
1787818043,4469,6,0,175,3729
1787818103,4469,6,0,175,3789
1787818163,4469,6,0,175,3849
1787818223,4469,6,0,175,3910
1787818283,4469,6,0,175,3970
1787818343,4469,6,0,175,4030
1787818403,4469,6,0,175,4090
1787818463,4469,6,0,175,4150
1787818523,4469,6,0,175,4210
1787818583,4469,6,0,175,4270
1787818644,4469,6,0,175,4330
1787818704,4469,6,0,175,4390
1787818764,4469,6,0,175,4451
1787818824,4469,6,0,175,4511
1787818884,4469,6,0,175,4571
1787818944,4469,6,0,175,4631
1787819004,4469,6,0,175,4691
1787819064,4469,6,0,175,4751
1787819124,4469,6,0,175,4811
1787819184,4469,6,0,175,4871
1787819245,4469,6,0,175,4931
1787819305,4469,6,0,175,4991
1787819365,4469,6,0,175,5051
1787819425,4469,6,0,175,5112
1787819485,4469,6,0,175,5172
1787819545,4469,6,0,175,5232
1787819605,4469,6,0,175,5292
1787819665,4469,6,0,175,5352
1787819725,4469,6,0,175,5412
1787819785,4469,6,0,175,5472
1787819846,4469,6,0,175,5532
1787819906,4469,6,0,175,5593
1787819966,4469,6,0,175,5653
1787820026,4469,6,0,175,5713
1787820086,4469,6,0,175,5773
1787820146,4469,6,0,175,5833
1787820206,4469,6,0,175,5893
1787820267,4469,6,0,175,5953
1787820327,4469,6,0,175,6013
1787820387,4469,6,0,175,6074
1787820447,4469,6,0,175,6134
1787820507,4469,6,0,175,6194
1787820567,4469,6,0,175,6254
1787820627,4469,6,0,175,6314
1787820687,4469,6,0,175,6374
1787820748,4469,6,0,175,6434
1787820808,4469,6,0,175,6494
1787820868,4469,6,0,175,6555
1787820928,4469,6,0,175,6615
1787820988,4469,6,0,175,6675
1787821048,4469,6,0,175,6735
1787821108,4469,6,0,175,6795
1787821169,4469,6,0,175,6855
1787821229,4469,6,0,175,6915
1787821289,4469,6,0,175,6975
1787821349,4469,6,0,175,7036
1787821409,4469,6,0,175,7096
1787821469,4469,6,0,175,7156
1787821529,4469,6,0,175,7216
1787821589,4469,6,0,175,7276
1787821649,4469,6,0,175,7336
1787821710,4469,6,0,175,7396
1787821770,4469,6,0,175,7456
1787821830,4469,6,0,175,7517
1787821890,4469,6,0,175,7577
1787821950,4469,6,0,175,7637
1787822010,4469,6,0,176,7697
1787822070,4469,6,0,176,7757
1787822131,4469,6,0,176,7817
1787822191,4469,6,0,176,7877
1787822251,4469,6,0,176,7938
1787822311,4469,6,0,176,7998
1787822371,4469,6,0,176,8058
1787822431,4469,6,0,176,8118
1787822491,4469,6,0,176,8178
1787822551,4469,6,0,176,8238
1787822611,4469,6,0,176,8298
1787822672,4469,6,0,176,8358
1787822732,4469,6,0,176,8419
1787822792,4469,6,0,176,8479
1787822852,4469,6,0,176,8539
1787822912,4469,6,0,176,8599
1787822972,4469,6,0,176,8659
1787823032,4469,6,0,176,8719
1787823092,4469,6,0,176,8779
1787823152,4469,6,0,176,8839
1787823213,4469,6,0,176,8899
1787823273,4469,6,0,176,8959
1787823333,4469,6,0,176,9020
1787823393,4469,6,0,176,9080
1787823453,4469,6,0,176,9140
1787823513,4469,6,0,176,9200
1787823573,4469,6,0,176,9260
1787823633,4469,6,0,176,9320
1787823693,4469,6,0,176,9380
1787823753,4469,6,0,176,9440
1787823814,4469,6,0,176,9500
1787823874,4469,6,0,176,9560
1787823934,4469,6,0,176,9621
1787823994,4469,6,0,176,9681
1787824054,4469,6,0,176,9741
1787824114,4469,6,0,176,9801
1787824174,4469,6,0,176,9861
1787824234,4469,6,0,176,9921
1787824294,4469,6,0,176,9981
1787824355,4469,6,0,176,10041
1787824415,4469,6,0,176,10102
1787824475,4469,6,0,176,10162
1787824535,4469,6,0,176,10222
1787824595,4469,6,0,176,10282
1787824655,4469,6,0,176,10342
1787824715,4469,6,0,176,10402
1787824775,4469,6,0,176,10462
1787824836,4469,6,0,176,10522
1787824896,4469,6,0,176,10582
1787824956,4469,6,0,176,10643
1787825016,4469,6,0,176,10703
1787825076,4469,6,0,176,10763
1787825136,4469,6,0,176,10823
1787825196,4469,6,0,176,10883
1787825256,4469,6,0,176,10943
1787825316,4469,6,0,176,11003
1787825376,4469,6,0,176,11063
1787825437,4469,6,0,176,11123
1787825497,4469,6,0,176,11184
1787825557,4469,6,0,176,11244
1787825617,4469,6,0,176,11304
1787825677,4469,6,0,176,11364
1787825737,4469,6,0,176,11424
1787825797,4469,6,0,176,11484
1787825857,4469,6,0,176,11544
1787825918,4469,6,0,176,11604
1787825978,4469,6,0,176,11664
1787826038,4469,6,0,176,11725
1787826098,4469,6,0,176,11785
1787826158,4469,6,0,176,11845
1787826218,4469,6,0,176,11905
1787826278,4469,6,0,176,11965
1787826338,4469,6,0,176,12025
1787826399,4469,6,0,176,12085
1787826459,4469,6,0,176,12145
1787826519,4469,6,0,176,12206
1787826579,4469,6,0,176,12266
1787826639,4469,6,0,176,12326
1787826699,4469,6,0,176,12386
1787826759,4469,6,0,176,12446
1787826819,4469,6,0,176,12506
1787826879,4469,6,0,176,12566
1787826939,4469,6,0,176,12626
1787827000,4469,6,0,176,12686
1787827060,4469,6,0,176,12747
1787827120,4469,6,0,176,12807
1787827180,4469,6,0,176,12867
1787827240,4469,6,0,177,12927
1787827300,4469,6,0,178,12987
1787827360,4469,6,0,178,13047
1787827421,4469,6,0,178,13107
1787827481,4469,6,0,178,13167
1787827541,4469,6,0,178,13227
1787827601,4469,6,0,178,13288
1787827661,4472,6,0,178,0
1787827721,4472,6,0,178,60
1787827781,4472,6,0,178,120
1787827841,4472,6,0,178,180
1787827901,4472,6,0,178,240
1787827962,4472,6,0,178,300
1787828022,4472,6,0,178,360
1787828082,4472,6,0,178,420
1787828142,4472,6,0,178,480
1787828202,4472,6,0,178,540
1787828262,4472,6,0,178,601
1787828322,4472,6,0,178,661
1787828382,4472,6,0,178,721
1787828442,4472,6,0,179,781
1787828502,4472,6,0,179,841
1787828563,4472,6,0,180,901
1787828623,4472,6,0,180,961
1787828683,4472,6,0,181,1021
1787828743,4472,6,0,181,1081
1787828803,4472,6,0,182,1141
1787828863,4472,6,0,182,1202
1787828923,4472,6,0,182,1262
1787828983,4472,6,0,182,1322
1787829043,4472,6,0,182,1382
1787829103,4472,6,0,182,1442
1787829163,4472,6,0,182,1502
1787829224,4472,6,0,182,1562
1787829284,4472,6,0,182,1622
1787829344,4472,6,0,182,1682
1787829404,4472,6,0,182,1743
1787829464,4472,6,0,182,1803
1787829524,4472,6,0,182,1863
1787829584,4472,6,0,182,1923
1787829644,4472,6,0,182,1983
1787829704,4472,6,0,182,2043
1787829765,4472,6,0,182,2103
1787829825,4472,6,0,182,2163
1787829885,4472,6,0,182,2223
1787829945,4472,6,0,182,2283
1787830005,4472,6,0,182,2344
1787830065,4472,6,0,182,2404
1787830125,4472,6,0,182,2464
1787830186,4472,6,0,182,2524
1787830246,4472,6,0,182,2584
1787830306,4472,6,0,182,2644
1787830366,4472,6,0,182,2704
1787830426,4472,6,0,182,2765
1787830486,4472,6,0,182,2825
1787830546,4472,6,0,182,2885
1787830606,4472,6,0,182,2945
1787830666,4472,6,0,182,3005
1787830726,4472,6,0,182,3065
1787830787,4472,6,0,182,3125
1787830847,4472,6,0,182,3185
1787830907,4472,6,0,182,3245
1787830967,4472,6,0,182,3305
1787831027,4472,6,0,182,3366
1787831087,4472,6,0,182,3426
1787831147,4472,6,0,182,3486
1787831207,4472,6,0,182,3546
1787831267,4472,6,0,182,3606
1787831328,4472,6,0,182,3666
1787831388,4472,6,0,182,3726
1787831448,4472,6,0,182,3786
1787831508,4472,6,0,182,3846
1787831568,4472,6,0,182,3906
1787831628,4472,6,0,182,3967
1787831688,4472,6,0,182,4027
1787831748,4472,6,0,182,4087
1787831808,4472,6,0,182,4147
1787831868,4472,6,0,182,4207
1787831928,4472,6,0,182,4267
1787831988,4472,6,0,182,4327
1787832049,4472,6,0,182,4387
1787832109,4472,6,0,182,4447
1787832169,4472,6,0,182,4507
1787832229,4472,6,0,182,4567
1787832289,4472,6,0,182,4628
1787832349,4472,6,0,182,4688
1787832409,4472,6,0,182,4748
1787832469,4472,6,0,182,4808
1787832529,4472,6,0,182,4868
1787832590,4472,6,0,182,4928
1787832650,4472,6,0,182,4988
1787832710,4472,6,0,182,5048
1787832770,4472,6,0,182,5108
1787832830,4472,6,0,182,5169
1787832890,4472,6,0,182,5229
1787832950,4472,6,0,182,5289
1787833010,4472,6,0,182,5349
1787833071,4472,6,0,182,5409
1787833131,4472,6,0,182,5469
1787833191,4472,6,0,182,5529
1787833251,4472,6,0,182,5589
1787833311,4472,6,0,182,5650
1787833371,4472,6,0,182,5710
1787833431,4472,6,0,182,5770
1787833491,4472,6,0,182,5830
1787833551,4472,6,0,182,5890
1787833612,4472,6,0,182,5950
1787833672,4472,6,0,182,6010
1787833732,4472,6,0,182,6070
1787833792,4472,6,0,182,6130
1787833852,4472,6,0,182,6191
1787833912,4472,6,0,182,6251
1787833973,4472,6,0,182,6311
1787834033,4472,6,0,182,6372
1787834093,4472,6,0,182,6432
1787834153,4472,6,0,182,6492
1787834213,4472,6,0,182,6552
1787834274,4472,6,0,182,6612
1787834335,4472,6,0,182,6673
1787834395,4472,6,0,182,6733
1787834455,4472,6,0,182,6793
1787834515,4472,6,0,182,6854
1787834575,4472,6,0,182,6914
1787834635,4472,6,0,182,6974
1787834695,4472,6,0,182,7034
1787834755,4472,6,0,182,7094
1787834816,4472,6,0,182,7154
1787834876,4472,6,0,182,7214
1787834936,4472,6,0,182,7274
1787834996,4472,6,0,182,7335
1787835056,4472,6,0,182,7395
1787835116,4472,6,0,182,7455
1787835177,4472,6,0,182,7515
1787835237,4472,6,0,182,7575
1787835297,4472,6,0,182,7635
1787835357,4472,6,0,182,7696
1787835417,4472,6,0,182,7756
1787835477,4472,6,0,182,7816
