timestamp,best_edges,instances,total_crashes,total_hangs,plateau_secs
1784775729,5248,6,0,0,0
1784776029,5271,6,0,0,0
1784776329,5288,6,0,0,0
1784776629,5305,6,0,1,0
1784776929,5309,6,0,1,0
1784777229,5315,6,0,2,0
1784777529,5320,6,0,2,0
1784777829,5324,6,0,2,0
1784778129,5327,6,0,2,0
1784778429,5332,6,0,2,0
1784778729,5333,6,0,3,0
1784779029,5340,6,0,3,0
1784779329,5344,6,0,3,0
1784779629,5346,6,0,4,0
1784779929,5347,6,0,5,0
1784780229,5349,6,0,5,0
1784780530,5353,6,0,5,0
1784780830,5359,6,0,5,0
1784781130,5367,6,0,5,0
1784781430,5369,6,0,5,0
1784781730,5369,6,0,5,300
1784782030,5370,6,0,5,0
1784782330,5370,6,0,5,300
1784782630,5371,6,0,6,0
1784782930,5375,6,0,6,0
1784783230,5376,6,0,6,0
1784783530,5376,6,0,6,300
1784783830,5379,6,0,7,0
1784784130,5379,6,0,7,300
1784784430,5380,6,0,7,0
1784784730,5386,6,0,7,0
1784785030,5386,6,0,7,300
1784785330,5386,6,0,8,600
1784785630,5386,6,0,8,900
1784785930,5388,6,0,8,0
1784786230,5388,6,0,8,300
1784786530,5390,6,0,8,0
1784786830,5390,6,0,8,300
1784787130,5392,6,0,8,0
1784787430,5393,6,0,8,0
1784787730,5395,6,0,8,0
1784788030,5395,6,0,8,300
1784788330,5397,6,0,10,0
1784788630,5398,6,0,10,0
1784788930,5399,6,0,11,0
1784789230,5399,6,0,12,300
1784789530,5401,6,0,12,0
1784789830,5402,6,0,12,0
1784790130,5404,6,0,12,0
1784790430,5404,6,0,12,300
1784790730,5404,6,0,12,600
1784791030,5404,6,0,12,900
1784791330,5413,6,0,12,0
1784791630,5413,6,0,12,300
1784791930,5413,6,0,12,600
1784792230,5414,6,0,13,0
1784792530,5415,6,0,13,0
1784792830,5416,6,0,13,0
1784793130,5419,6,0,13,0
1784793430,5419,6,0,13,300
1784793730,5419,6,0,13,600
1784794030,5420,6,0,13,0
1784794330,5420,6,0,13,300
1784794630,5420,6,0,13,600
1784794930,5421,6,0,13,0
1784795230,5421,6,0,14,300
1784795530,5422,6,0,14,0
1784795830,5422,6,0,14,300
1784796130,5424,6,0,14,0
1784796430,5427,6,0,14,0
1784796730,5431,6,0,14,0
1784797030,5431,6,0,14,300
1784797330,5433,6,0,17,0
1784797630,5433,6,0,18,300
1784797930,5434,6,0,20,0
1784798230,5436,6,0,21,0
1784798530,5436,6,0,21,300
1784798830,5436,6,0,21,600
1784799133,5436,6,0,22,902
1784799433,5436,6,0,23,1202
1784799733,5436,6,0,23,1502
1784800033,5436,6,0,23,1802
1784800333,5437,6,0,23,0
1784850087,5439,6,0,23,0
1784850387,5439,6,0,24,300
1784850687,5439,6,0,24,600
1784850987,5439,6,0,24,900
1784851287,5439,6,0,24,1200
1784851587,5439,6,0,24,1500
1784851887,5439,6,0,24,1800
1784852187,5439,6,0,25,2100
1784852487,5439,6,0,25,2400
1784852787,5441,6,0,25,0
1784853087,5441,6,0,25,300
1784853387,5441,6,0,25,600
1784853687,5441,6,0,25,900
1784853987,5442,6,0,26,0
1784854287,5442,6,0,26,300
1784854587,5442,6,0,26,600
1784854887,5442,6,0,27,900
1784855187,5443,6,0,27,0
1784855487,5443,6,0,28,300
1784855787,5443,6,0,28,600
1784856087,5443,6,0,28,900
1784856387,5443,6,0,28,1200
1784856687,5443,6,0,28,1500
1784856987,5443,6,0,28,1800
1784857287,5443,6,0,28,2100
1784857587,5443,6,0,28,2400
1784857887,5444,6,0,28,0
1784858187,5444,6,0,29,300
1784858487,5444,6,0,29,600
1784858787,5444,6,0,29,900
1784859087,5444,6,0,29,1200
1784859387,5444,6,0,29,1500
1784859687,5444,6,0,30,1800
1784859987,5444,6,0,30,2100
1784860288,5465,6,0,30,0
1784860588,5465,6,0,30,300
1784860888,5465,6,0,30,600
1784861188,5466,6,0,30,0
1784861488,5466,6,0,30,300
1784861788,5466,6,0,31,600
1784862088,5466,6,0,31,900
1784862388,5472,6,0,31,0
1784862688,5472,6,0,31,300
1784862988,5474,6,0,31,0
1784863288,5475,6,0,31,0
1784863588,5475,6,0,32,300
1784863888,5475,6,0,32,600
1784864188,5486,6,0,32,0
1784864488,5493,6,0,32,0
1784864788,5493,6,0,32,300
1784865088,5493,6,0,32,600
1784865388,5494,6,0,32,0
1784865688,5494,6,0,32,300
1784865988,5513,6,0,32,0
1784866288,5513,6,0,32,300
1784866588,5514,6,0,33,0
1784866888,5518,6,0,35,0
1784867188,5532,6,0,35,0
1784867488,5536,6,0,35,0
1784867789,5558,6,0,36,0
1784868089,5577,6,0,36,0
1784879360,5615,6,0,37,0
1784879660,5616,6,0,37,0
1784879960,5616,6,0,37,300
1784880260,5616,6,0,37,600
1784880560,5622,6,0,37,0
1784880860,5625,6,0,37,0
1784881160,5627,6,0,37,0
1784881460,5629,6,0,37,0
1784881760,5629,6,0,37,300
1784882061,5630,6,0,37,0
1784882361,5630,6,0,37,300
1784882661,5631,6,0,37,0
1784882961,5635,6,0,38,0
1784883261,5638,6,0,38,0
1784883561,5638,6,0,38,300
1784883861,5641,6,0,38,0
1784884161,5641,6,0,38,300
1784884461,5644,6,0,38,0
1784884761,5645,6,0,38,0
1784885061,5645,6,0,38,300
1784885361,5645,6,0,38,600
1784885661,5646,6,0,38,0
1784895853,5646,6,0,18,0
1784896153,5646,6,0,38,300
1784896454,5647,6,0,38,0
1784896754,5647,6,0,38,300
1784897054,5647,6,0,39,600
1784897354,5647,6,0,39,900
1784897654,5647,6,0,40,1200
1784897954,5647,6,0,40,1500
1784898254,5647,6,0,40,1800
1784898554,5647,6,0,40,2100
1784898854,5647,6,0,40,2400
1784899154,5647,6,0,40,2700
1784899454,5647,6,0,40,3000
1784899754,5647,6,0,40,3300
1784900054,5647,6,0,41,3600
1784900354,5647,6,0,41,3900
1784900654,5647,6,0,42,4200
1784900954,5647,6,0,42,4500
1784901254,5647,6,0,42,4800
1784901554,5647,6,0,42,5100
1784901854,5648,6,0,43,0
1784902154,5648,6,0,44,300
1784902454,5648,6,0,44,600
1784902754,5648,6,0,44,900
1784903054,5648,6,0,45,1200
1784903354,5648,6,0,45,1500
1784903654,5648,6,0,45,1800
1784903954,5648,6,0,45,2100
1784904254,5648,6,0,45,2400
1784904554,5648,6,0,45,2700
1784904854,5648,6,0,45,3000
1784905154,5648,6,0,45,3300
1784905454,5648,6,0,45,3600
1784905754,5648,6,0,45,3900
1784906054,5648,6,0,45,4200
1784906355,5648,6,0,46,4500
1784906655,5648,6,0,46,4800
1784906955,5648,6,0,46,5100
1784907255,5648,6,0,46,5400
1784907555,5648,6,0,46,5700
1784907855,5648,6,0,46,6000
1784908155,5648,6,0,46,6300
1784908455,5648,6,0,46,6600
1784908755,5648,6,0,46,6900
1784909055,5648,6,0,46,7200
1784909355,5648,6,0,46,7500
1784909655,5648,6,0,46,7800
1784909955,5648,6,0,48,8100
1784910255,5648,6,0,49,8401
1784910555,5648,6,0,49,8701
1784910855,5648,6,0,49,9001
1784911155,5648,6,0,49,9301
1784911455,5648,6,0,50,9601
1784911755,5648,6,0,50,9901
1784912055,5648,6,0,50,10201
1784912355,5651,6,0,50,0
1784912655,5651,6,0,50,300
1784912955,5651,6,0,51,600
1784913255,5651,6,0,51,900
1784913556,5654,6,0,52,0
1784913856,5654,6,0,52,300
1784914156,5654,6,0,52,600
1784914456,5655,6,0,52,0
1784914756,5656,6,0,52,0
1784915056,5656,6,0,52,300
1784915356,5656,6,0,52,600
1784915656,5656,6,0,52,900
1784915956,5656,6,0,53,1200
1784916256,5657,6,0,53,0
1784916556,5657,6,0,53,300
1784916856,5657,6,0,53,600
1784917156,5657,6,0,53,900
1784917456,5657,6,0,53,1200
1784917756,5657,6,0,53,1500
1784918056,5657,6,0,53,1800
1784918356,5657,6,0,53,2100
1784918657,5659,6,0,53,0
1784918957,5659,6,0,53,300
1784919257,5659,6,0,53,600
1784919557,5659,6,0,53,900
1784919857,5659,6,0,53,1200
1784920157,5659,6,0,53,1500
1784920457,5659,6,0,53,1800
1784920757,5659,6,0,54,2100
1784921057,5659,6,0,54,2400
1784921357,5659,6,0,54,2700
1784921657,5659,6,0,54,3000
1784921957,5659,6,0,54,3300
1784922257,5659,6,0,54,3600
1784922557,5659,6,0,55,3900
1784922857,5659,6,0,55,4200
1784923157,5659,6,0,55,4500
1784923457,5659,6,0,55,4800
1784923757,5661,6,0,56,0
1784924057,5661,6,0,56,300
1784924357,5661,6,0,56,600
1784924657,5661,6,0,56,900
1784924957,5661,6,0,57,1200
1784925257,5661,6,0,57,1500
1784925557,5663,6,0,58,0
1784925858,5666,6,0,59,0
1784926158,5666,6,0,59,300
1784926458,5666,6,0,60,600
1784926758,5666,6,0,61,900
1784927058,5667,6,0,61,0
1784927358,5667,6,0,61,300
1784927658,5668,6,0,61,0
1784927958,5668,6,0,61,300
1784928258,5669,6,0,61,0
1784928558,5669,6,0,61,300
1784928858,5671,6,0,61,0
1784929158,5672,6,0,61,0
1784929458,5673,6,0,61,0
1784929758,5673,6,0,61,300
1784930058,5673,6,0,61,600
1784930358,5673,6,0,61,900
1784930658,5673,6,0,61,1200
1784930959,5673,6,0,62,1500
1784931259,5673,6,0,62,1800
1784931559,5673,6,0,62,2100
1784931859,5673,6,0,63,2400
1784932159,5673,6,0,64,2700
1784932459,5673,6,0,64,3000
1784932759,5673,6,0,64,3300
1784933059,5673,6,0,64,3600
1784933359,5673,6,0,64,3900
1784933659,5673,6,0,64,4200
1784933959,5673,6,0,65,4500
1784934259,5673,6,0,65,4800
1784934559,5673,6,0,65,5100
1784934859,5673,6,0,67,5400
1784935159,5673,6,0,67,5701
1784935459,5674,6,0,67,0
1784935759,5674,6,0,67,300
1784936060,5674,6,0,68,600
1784936360,5674,6,0,68,900
1784936660,5674,6,0,68,1200
1784936960,5674,6,0,68,1500
1784937260,5674,6,0,68,1800
1784937560,5675,6,0,68,0
1784937860,5675,6,0,69,300
1784938160,5675,6,0,71,600
1784938460,5675,6,0,71,900
1784938760,5675,6,0,72,1200
1784939061,5675,6,0,72,1500
1784939361,5675,6,0,72,1801
1784939662,5675,6,0,72,2101
1784939962,5676,6,0,73,0
1784940262,5676,6,0,73,300
1784940562,5676,6,0,74,600
1784940862,5676,6,0,74,900
1784941162,5676,6,0,74,1200
1784941462,5676,6,0,74,1500
1784941762,5676,6,0,75,1800
1784942063,5676,6,0,75,2100
1784942363,5676,6,0,75,2401
1784942663,5676,6,0,75,2701
1784942963,5676,6,0,75,3001
1784943263,5676,6,0,75,3301
1784943563,5676,6,0,75,3601
1784943863,5676,6,0,75,3901
1784944163,5676,6,0,75,4201
1784944463,5676,6,0,75,4501
1784944763,5676,6,0,75,4801
1784945063,5676,6,0,76,5101
1784945364,5677,6,0,76,0
1784945664,5677,6,0,76,300
1784945964,5693,6,0,76,0
1784946264,5694,6,0,76,0
1784946564,5694,6,0,76,300
1784946864,5694,6,0,76,600
1784947164,5694,6,0,76,900
1784947464,5694,6,0,76,1200
1784947764,5705,6,0,77,0
1784948064,5705,6,0,77,300
1784948364,5705,6,0,78,600
1784948665,5705,6,0,78,900
1784948965,5708,6,0,78,0
1784949265,5708,6,0,78,300
1784949565,5708,6,0,78,600
1784949865,5711,6,0,79,0
1784950165,5711,6,0,79,300
1784950465,5711,6,0,80,600
1784950765,5711,6,0,80,900
1784951065,5711,6,0,80,1200
1784951365,5711,6,0,80,1500
1784951665,5711,6,0,81,1800
1784951965,5711,6,0,81,2100
1784952265,5711,6,0,81,2400
1784952565,5711,6,0,81,2700
1784952865,5711,6,0,82,3000
1784953166,5711,6,0,83,3300
1784953466,5711,6,0,83,3600
1784953766,5711,6,0,83,3901
1784954066,5711,6,0,83,4201
1784954366,5711,6,0,83,4501
1784954666,5711,6,0,83,4801
1784954966,5711,6,0,83,5101
1784955266,5711,6,0,83,5401
1784955566,5711,6,0,83,5701
1784955866,5711,6,0,83,6001
1784956166,5711,6,0,83,6301
1784956466,5711,6,0,83,6601
1784956766,5711,6,0,83,6901
1784957066,5711,6,0,83,7201
1784957366,5711,6,0,83,7501
1784957666,5711,6,0,83,7801
1784957966,5711,6,0,83,8101
1784958266,5711,6,0,83,8401
1784958567,5711,6,0,83,8701
1784958867,5711,6,0,83,9001
1784959167,5711,6,0,83,9301
1784959467,5711,6,0,84,9601
1784959767,5711,6,0,84,9901
1784960067,5711,6,0,84,10201
1784960367,5711,6,0,84,10501
1784960667,5711,6,0,84,10802
1784960967,5711,6,0,84,11102
1784961267,5711,6,0,84,11402
1784961567,5711,6,0,84,11702
1784961867,5711,6,0,84,12002
1784962167,5711,6,0,84,12302
1784962467,5711,6,0,84,12602
1784962768,5711,6,0,84,12902
1784963068,5711,6,0,84,13202
1784963368,5711,6,0,84,13503
1784963668,5711,6,0,85,13803
1784963968,5711,6,0,85,14103
1784964268,5711,6,0,85,14403
1784964568,5711,6,0,85,14703
1784964868,5712,6,0,85,0
1784965168,5714,6,0,86,0
1784965469,5714,6,0,86,300
1784965769,5714,6,0,86,600
1784966069,5714,6,0,87,900
1784966369,5714,6,0,87,1200
1784966669,5714,6,0,87,1500
1784966969,5714,6,0,87,1800
1784967269,5714,6,0,88,2100
1784967569,5714,6,0,88,2400
1784967869,5714,6,0,88,2700
1784968169,5714,6,0,88,3001
1784968470,5714,6,0,88,3301
1784968770,5714,6,0,88,3601
1784969070,5714,6,0,88,3901
1784969370,5714,6,0,89,4201
1784969670,5714,6,0,89,4501
1784969970,5714,6,0,89,4801
1784970270,5714,6,0,89,5101
1784970570,5714,6,0,89,5401
1784970870,5714,6,0,89,5701
1784971170,5714,6,0,89,6001
1784971470,5714,6,0,89,6301
1784971770,5714,6,0,89,6601
1784972070,5714,6,0,89,6901
1784972371,5714,6,0,89,7202
1784972671,5714,6,0,89,7502
1784972971,5714,6,0,89,7802
1784973271,5714,6,0,89,8102
1784973571,5714,6,0,89,8402
1784973871,5714,6,0,89,8702
1784974171,5719,6,0,90,0
1784974471,5719,6,0,91,300
1784974771,5719,6,0,92,600
1784975071,5719,6,0,92,900
1784975371,5719,6,0,93,1200
1784975671,5719,6,0,93,1500
1784975972,5719,6,0,94,1800
1784976272,5720,6,0,94,0
1784976572,5720,6,0,94,300
1784976872,5720,6,0,94,600
1784977172,5720,6,0,94,900
1784977472,5720,6,0,94,1200
1784977772,5735,6,0,94,0
1784978073,5737,6,0,94,0
1784978373,5738,6,0,94,0
1784978673,5738,6,0,94,300
1784978973,5738,6,0,95,600
1784979273,5738,6,0,96,900
1784979573,5738,6,0,96,1200
1784979873,5738,6,0,96,1500
1784980173,5738,6,0,96,1800
1784980473,5738,6,0,96,2100
1784980773,5738,6,0,96,2400
1784981074,5738,6,0,96,2701
1784981374,5738,6,0,96,3001
1784981674,5738,6,0,96,3301
1784981974,5738,6,0,96,3601
1784982274,5739,6,0,96,0
1784982574,5739,6,0,97,300
1784982875,5740,6,0,97,0
1784983175,5740,6,0,98,300
1784983475,5740,6,0,98,600
1784983775,5740,6,0,98,900
1784984075,5743,6,0,99,0
1784984375,5743,6,0,99,300
1784984675,5743,6,0,99,600
1784984975,5743,6,0,99,900
1784985276,5743,6,0,100,1200
1784985576,5743,6,0,100,1500
1784985876,5743,6,0,100,1800
1784986176,5743,6,0,100,2100
1784986476,5743,6,0,100,2400
1784986776,5751,6,0,100,0
1784987076,5751,6,0,101,300
1784987376,5751,6,0,101,600
1784987676,5751,6,0,101,900
1784987976,5751,6,0,101,1200
1784988276,5751,6,0,101,1500
1784988576,5751,6,0,101,1800
1784988876,5751,6,0,101,2100
1784989176,5751,6,0,101,2400
1784989477,5753,6,0,101,0
1784989777,5753,6,0,101,300
1784990077,5753,6,0,101,600
1784990377,5753,6,0,101,900
1784990677,5753,6,0,102,1200
1784990977,5753,6,0,102,1500
1784991277,5753,6,0,102,1800
1784991577,5753,6,0,102,2100
1784991877,5753,6,0,102,2400
1784992177,5753,6,0,102,2700
1784992477,5753,6,0,102,3000
1784992777,5753,6,0,102,3300
1784993077,5753,6,0,102,3600
1784993378,5753,6,0,102,3901
1784993678,5753,6,0,102,4201
1784993978,5753,6,0,102,4501
1784994278,5753,6,0,103,4801
1784994578,5753,6,0,103,5101
1784994878,5753,6,0,103,5401
1784995178,5753,6,0,103,5701
1784995478,5753,6,0,103,6001
1784995778,5753,6,0,103,6301
1784996078,5753,6,0,104,6601
1784996378,5753,6,0,104,6901
1784996679,5753,6,0,104,7202
1784996979,5763,6,0,104,0
1784997279,5763,6,0,104,300
1784997579,5763,6,0,104,600
1784997879,5763,6,0,104,900
1784998179,5763,6,0,105,1200
1784998479,5763,6,0,105,1500
1784998779,5763,6,0,106,1800
1784999079,5763,6,0,106,2100
1784999379,5763,6,0,106,2400
1784999679,5763,6,0,106,2700
1784999979,5763,6,0,106,3000
1785000280,5764,6,0,106,0
1785000580,5764,6,0,106,300
1785000880,5764,6,0,106,600
1785001180,5764,6,0,106,900
1785001480,5764,6,0,106,1200
1785001780,5764,6,0,106,1500
1785002080,5764,6,0,107,1800
1785002380,5764,6,0,107,2100
1785002680,5764,6,0,107,2400
1785002980,5764,6,0,107,2700
1785003280,5764,6,0,107,3000
1785003580,5764,6,0,107,3300
1785003881,5764,6,0,107,3600
1785004181,5764,6,0,108,3901
1785004481,5764,6,0,108,4201
1785004781,5764,6,0,108,4501
1785005081,5764,6,0,108,4801
1785005381,5764,6,0,108,5101
1785005681,5764,6,0,108,5401
1785005981,5764,6,0,108,5701
1785006281,5764,6,0,108,6001
1785006581,5764,6,0,108,6301
1785006881,5764,6,0,108,6601
1785007182,5764,6,0,108,6902
1785007482,5764,6,0,108,7202
1785007782,5764,6,0,108,7502
1785008082,5764,6,0,108,7802
1785008382,5764,6,0,109,8102
1785008682,5764,6,0,109,8402
1785008982,5764,6,0,109,8702
1785009282,5764,6,0,109,9002
1785009582,5764,6,0,109,9302
1785009882,5764,6,0,109,9602
1785010182,5764,6,0,109,9902
1785010483,5764,6,0,109,10202
1785010783,5764,6,0,109,10503
1785011083,5764,6,0,109,10803
1785011383,5764,6,0,110,11103
1785011683,5764,6,0,111,11403
1785011983,5764,6,0,111,11703
1785012283,5764,6,0,111,12003
1785012583,5764,6,0,111,12303
1785012883,5764,6,0,111,12603
1785013183,5764,6,0,111,12903
1785013483,5764,6,0,111,13203
1785013784,5764,6,0,112,13504
1785014084,5764,6,0,112,13804
1785014384,5764,6,0,113,14104
1785014684,5764,6,0,113,14404
1785014984,5764,6,0,113,14704
1785015284,5764,6,0,113,15004
1785015584,5764,6,0,113,15304
1785015884,5764,6,0,113,15604
1785016184,5764,6,0,113,15904
1785016484,5764,6,0,113,16204
1785016784,5764,6,0,113,16504
1785017084,5764,6,0,113,16804
1785017385,5764,6,0,113,17104
1785017685,5764,6,0,113,17405
1785017985,5764,6,0,113,17705
1785018285,5764,6,0,113,18005
1785018585,5764,6,0,113,18305
1785018885,5764,6,0,113,18605
1785019185,5764,6,0,113,18905
1785019485,5764,6,0,113,19205
1785019785,5764,6,0,114,19505
1785020085,5764,6,0,114,19805
1785020386,5764,6,0,114,20105
1785020686,5764,6,0,114,20406
1785020986,5764,6,0,114,20706
1785021286,5765,6,0,114,0
1785021586,5765,6,0,114,300
1785021886,5765,6,0,114,600
1785022186,5765,6,0,114,900
1785022486,5765,6,0,114,1200
1785022786,5765,6,0,114,1500
1785023086,5765,6,0,114,1800
1785023386,5765,6,0,114,2100
1785023686,5765,6,0,114,2400
1785023986,5765,6,0,114,2700
1785024286,5765,6,0,114,3000
1785024587,5765,6,0,114,3300
1785024887,5765,6,0,114,3600
1785025187,5765,6,0,114,3900
1785025487,5765,6,0,116,4201
1785025787,5765,6,0,116,4501
1785026087,5765,6,0,116,4801
1785026387,5765,6,0,116,5101
1785026687,5765,6,0,116,5401
1785026987,5765,6,0,116,5701
1785027287,5765,6,0,116,6001
1785027588,5765,6,0,116,6301
1785027888,5765,6,0,116,6601
1785028188,5765,6,0,116,6902
1785028488,5765,6,0,116,7202
1785028788,5765,6,0,116,7502
1785029088,5765,6,0,116,7802
1785029389,5765,6,0,116,8102
1785029689,5765,6,0,116,8403
1785029989,5778,6,0,116,0
1785030289,5778,6,0,116,300
1785030589,5778,6,0,117,600
1785030889,5778,6,0,117,900
1785031189,5778,6,0,117,1200
1785031490,5778,6,0,117,1500
1785031790,5778,6,0,117,1800
1785032090,5778,6,0,117,2101
1785032390,5778,6,0,117,2401
1785032690,5778,6,0,117,2701
1785032990,5778,6,0,117,3001
1785033290,5778,6,0,117,3301
1785033590,5778,6,0,117,3601
1785033891,5778,6,0,117,3901
1785034191,5778,6,0,117,4201
1785034491,5779,6,0,117,0
1785034791,5779,6,0,117,300
1785035091,5779,6,0,118,600
1785035391,5779,6,0,118,900
1785035691,5779,6,0,119,1200
1785035991,5779,6,0,119,1500
1785036291,5779,6,0,119,1800
1785036592,5779,6,0,119,2100
1785036892,5779,6,0,119,2400
1785037192,5779,6,0,119,2701
1785037492,5779,6,0,119,3001
1785037792,5779,6,0,119,3301
1785038092,5779,6,0,119,3601
1785038392,5779,6,0,119,3901
1785038693,5779,6,0,120,4201
1785038993,5779,6,0,120,4501
1785039293,5779,6,0,121,4802
1785039593,5779,6,0,121,5102
1785039893,5779,6,0,121,5402
1785040193,5779,6,0,121,5702
1785040493,5779,6,0,121,6002
1785040793,5779,6,0,121,6302
1785041093,5779,6,0,121,6602
1785041393,5779,6,0,121,6902
1785041694,5779,6,0,121,7202
1785041994,5780,6,0,121,0
1785042294,5780,6,0,121,300
1785042594,5780,6,0,121,600
1785042894,5780,6,0,121,900
1785043194,5780,6,0,121,1200
1785043494,5780,6,0,121,1500
1785043794,5780,6,0,121,1800
1785044094,5780,6,0,121,2100
1785044395,5780,6,0,121,2400
1785044695,5780,6,0,121,2700
1785044995,5780,6,0,121,3001
1785045295,5780,6,0,121,3301
1785045595,5780,6,0,121,3601
1785045895,5780,6,0,121,3901
1785046195,5780,6,0,121,4201
1785046495,5780,6,0,121,4501
1785046795,5780,6,0,121,4801
1785047096,5780,6,0,122,5101
1785047396,5780,6,0,122,5401
1785047696,5780,6,0,122,5702
1785047996,5780,6,0,122,6002
1785048296,5780,6,0,122,6302
1785048596,5780,6,0,122,6602
1785048896,5780,6,0,122,6902
1785049196,5780,6,0,122,7202
1785049496,5780,6,0,123,7502
1785049797,5780,6,0,123,7802
1785050097,5780,6,0,123,8102
1785050397,5780,6,0,123,8403
1785050697,5780,6,0,124,8703
1785050997,5780,6,0,124,9003
1785051297,5780,6,0,124,9303
1785051597,5780,6,0,124,9603
1785051897,5780,6,0,124,9903
1785052198,5780,6,0,124,10203
1785052498,5780,6,0,124,10504
1785052798,5780,6,0,124,10804
1785053098,5784,6,0,124,0
1785053398,5784,6,0,124,300
1785053698,5784,6,0,124,600
1785053998,5784,6,0,124,900
1785054299,5784,6,0,124,1200
1785054599,5784,6,0,125,1500
1785054899,5784,6,0,127,1800
1785055199,5784,6,0,127,2100
1785055499,5784,6,0,127,2400
1785055799,5786,6,0,127,0
1785056099,5786,6,0,128,300
1785056399,5786,6,0,128,600
1785056699,5786,6,0,128,900
1785056999,5786,6,0,128,1200
1785057300,5786,6,0,128,1500
1785057600,5786,6,0,128,1800
1785057900,5786,6,0,128,2100
1785058200,5786,6,0,128,2400
1785058500,5786,6,0,128,2701
1785058800,5786,6,0,128,3001
1785059100,5786,6,0,128,3301
1785059401,5786,6,0,128,3601
1785059701,5786,6,0,128,3901
1785060001,5786,6,0,128,4201
1785060301,5786,6,0,128,4501
1785060601,5786,6,0,128,4802
1785060901,5786,6,0,128,5102
1785061202,5786,6,0,128,5402
1785061502,5786,6,0,128,5702
1785061802,5786,6,0,128,6002
1785062102,5786,6,0,128,6303
1785062403,5786,6,0,128,6603
1785062703,5786,6,0,128,6903
1785063003,5786,6,0,128,7204
1785063303,5786,6,0,128,7504
1785063603,5786,6,0,129,7804
1785063904,5786,6,0,129,8104
1785064204,5786,6,0,129,8404
1785064504,5786,6,0,129,8705
1785064804,5786,6,0,129,9005
1785065105,5786,6,0,129,9305
1785065405,5786,6,0,129,9605
1785065705,5786,6,0,129,9906
1785066006,5786,6,0,129,10206
1785066306,5786,6,0,129,10507
1785066607,5786,6,0,130,10808
1785066907,5786,6,0,130,11108
1785067207,5786,6,0,130,11408
1785067508,5786,6,0,130,11708
1785067808,5786,6,0,130,12008
1785068108,5786,6,0,130,12308
1785068408,5786,6,0,130,12609
1785068708,5786,6,0,130,12909
1785069008,5786,6,0,130,13209
1785069308,5786,6,0,130,13509
1785069609,5786,6,0,130,13809
1785069909,5786,6,0,130,14109
1785070209,5786,6,0,130,14409
1785070509,5786,6,0,130,14709
1785070809,5786,6,0,130,15010
1785071109,5786,6,0,130,15310
1785071409,5786,6,0,130,15610
1785071710,5786,6,0,130,15910
1785072010,5786,6,0,130,16210
1785072310,5786,6,0,130,16510
1785072610,5786,6,0,130,16810
1785072910,5786,6,0,130,17111
1785073210,5786,6,0,131,17411
1785073510,5786,6,0,131,17711
1785073810,5786,6,0,131,18011
1785074111,5786,6,0,131,18311
1785074411,5786,6,0,131,18611
1785074711,5786,6,0,131,18911
1785075011,5786,6,0,131,19211
1785075311,5786,6,0,131,19512
1785075611,5786,6,0,131,19812
1785075912,5786,6,0,131,20112
1785076212,5786,6,0,132,20412
1785076512,5788,6,0,132,0
1785076812,5788,6,0,132,300
1785077112,5788,6,0,132,600
1785077412,5788,6,0,132,900
1785077712,5788,6,0,133,1200
1785078013,5788,6,0,133,1500
1785078313,5788,6,0,133,1800
1785078613,5788,6,0,133,2101
1785078913,5788,6,0,133,2401
1785079213,5788,6,0,133,2701
1785079513,5788,6,0,133,3001
1785079813,5788,6,0,133,3301
1785080113,5788,6,0,133,3601
1785080414,5788,6,0,133,3901
1785080714,5788,6,0,133,4201
1785081014,5788,6,0,133,4502
1785081314,5788,6,0,133,4802
1785081614,5788,6,0,133,5102
1785081914,5788,6,0,133,5402
1785082214,5788,6,0,133,5702
1785082515,5788,6,0,133,6002
1785082815,5788,6,0,133,6302
1785083115,5788,6,0,133,6602
1785083415,5788,6,0,134,6903
1785083715,5788,6,0,134,7203
1785084015,5788,6,0,134,7503
1785084315,5788,6,0,134,7803
1785084615,5788,6,0,134,8103
1785084916,5788,6,0,134,8403
1785085216,5788,6,0,134,8703
1785085516,5788,6,0,135,9004
1785085816,5788,6,0,135,9304
1785086116,5788,6,0,135,9604
1785086417,5788,6,0,135,9904
1785086717,5792,6,0,135,0
1785087017,5793,6,0,135,0
1785087317,5793,6,0,135,300
1785087617,5793,6,0,135,600
1785087917,5793,6,0,135,900
1785088218,5793,6,0,135,1200
1785088518,5793,6,0,135,1500
1785088818,5793,6,0,135,1800
1785089118,5793,6,0,135,2101
1785089418,5793,6,0,136,2401
1785089718,5793,6,0,136,2701
1785090018,5793,6,0,136,3001
1785090318,5793,6,0,136,3301
1785090619,5793,6,0,136,3601
1785090919,5793,6,0,136,3902
1785091219,5793,6,0,136,4202
1785091519,5793,6,0,136,4502
1785091819,5793,6,0,136,4802
1785092120,5793,6,0,136,5102
1785092420,5793,6,0,136,5402
1785092721,5793,6,0,137,5703
1785093021,5793,6,0,137,6003
1785093321,5793,6,0,137,6304
1785093621,5793,6,0,137,6604
1785093921,5793,6,0,137,6904
1785094221,5793,6,0,137,7204
1785094521,5793,6,0,137,7504
1785094822,5793,6,0,137,7804
1785095122,5794,6,0,137,0
1785095422,5794,6,0,137,300
1785095722,5794,6,0,137,600
1785096022,5794,6,0,137,900
1785096322,5794,6,0,137,1200
1785096622,5794,6,0,137,1500
1785096923,5794,6,0,137,1800
1785097223,5794,6,0,137,2100
1785097523,5794,6,0,137,2401
1785097823,5794,6,0,137,2701
1785098123,5794,6,0,137,3001
1785098423,5794,6,0,137,3301
1785098723,5794,6,0,137,3601
1785099023,5794,6,0,137,3901
1785099324,5794,6,0,138,4201
1785099624,5794,6,0,138,4501
1785099924,5794,6,0,138,4802
1785100224,5794,6,0,138,5102
1785100524,5794,6,0,138,5402
1785100824,5794,6,0,138,5702
1785101124,5794,6,0,138,6002
1785101424,5794,6,0,138,6302
1785101724,5794,6,0,138,6602
1785102024,5794,6,0,138,6902
1785102325,5794,6,0,138,7202
1785102625,5794,6,0,138,7503
1785102925,5794,6,0,138,7803
1785103225,5794,6,0,138,8103
1785103525,5794,6,0,138,8403
1785103826,5794,6,0,138,8703
1785104126,5794,6,0,138,9004
1785104426,5794,6,0,138,9304
1785104726,5794,6,0,138,9604
1785105026,5794,6,0,138,9904
1785105326,5794,6,0,138,10204
1785105626,5794,6,0,138,10504
1785105927,5794,6,0,138,10804
1785106227,5794,6,0,138,11105
1785106527,5794,6,0,138,11405
1785106827,5794,6,0,138,11705
1785107127,5794,6,0,138,12005
1785107427,5794,6,0,138,12305
1785107728,5794,6,0,138,12605
1785108028,5794,6,0,138,12905
1785108328,5794,6,0,139,13206
1785108628,5794,6,0,139,13506
1785108928,5794,6,0,139,13806
1785109228,5794,6,0,139,14106
1785109528,5794,6,0,139,14406
1785109829,5794,6,0,139,14706
1785110129,5794,6,0,139,15006
1785110429,5794,6,0,139,15307
1785110729,5794,6,0,140,15607
1785111029,5794,6,0,140,15907
1785111329,5794,6,0,140,16207
1785111629,5794,6,0,140,16507
1785111929,5794,6,0,140,16807
1785112230,5794,6,0,140,17107
1785112530,5794,6,0,140,17408
1785112830,5794,6,0,140,17708
1785113130,5794,6,0,140,18008
1785113430,5794,6,0,140,18308
1785113730,5794,6,0,140,18608
1785114031,5794,6,0,140,18908
1785114332,5794,6,0,140,19209
1785114632,5794,6,0,140,19510
1785114932,5794,6,0,140,19810
1785115232,5794,6,0,140,20110
1785115533,5794,6,0,140,20410
1785115833,5794,6,0,142,20710
1785116133,5794,6,0,142,21011
1785116433,5794,6,0,142,21311
1785116733,5794,6,0,142,21611
1785117033,5794,6,0,142,21911
1785117334,5794,6,0,142,22212
1785117637,5794,6,0,142,22515
1785117937,5794,6,0,142,22815
1785118238,5794,6,0,142,23116
1785118541,5794,6,0,142,23419
1785118841,5794,6,0,142,23719
1785119141,5794,6,0,142,24019
1785119442,5794,6,0,142,24319
1785119742,5794,6,0,142,24620
1785120042,5794,6,0,142,24920
1785120342,5794,6,0,142,25220
1785120642,5794,6,0,142,25520
1785120943,5794,6,0,142,25820
1785121243,5794,6,0,143,26121
1785121543,5794,6,0,143,26421
1785121844,5794,6,0,143,26721
1785122144,5794,6,0,144,27022
1785122444,5794,6,0,144,27322
1785122747,5794,6,0,145,27625
1785123049,5794,6,0,146,27926
1785123349,5794,6,0,146,28227
1785123650,5794,6,0,146,28528
1785123950,5794,6,0,146,28828
1785124250,5794,6,0,146,29128
1785124551,5794,6,0,146,29429
1785124851,5794,6,0,146,29729
1785125153,5794,6,0,146,30030
1785125453,5794,6,0,147,30331
1785125753,5794,6,0,147,30631
1785126053,5794,6,0,147,30931
1785126354,5794,6,0,147,31231
1785126654,5794,6,0,147,31531
1785126954,5794,6,0,147,31832
1785127254,5794,6,0,147,32132
1785127554,5794,6,0,147,32432
1785127854,5794,6,0,147,32732
1785128154,5794,6,0,147,33032
1785128454,5794,6,0,147,33332
1785128755,5794,6,0,147,33632
1785129056,5794,6,0,147,33934
1785129356,5794,6,0,147,34234
1785129657,5794,6,0,147,34535
1785129957,5794,6,0,147,34835
1785130257,5794,6,0,147,35135
1785130558,5794,6,0,147,35436
1785130858,5794,6,0,147,35736
1785131158,5794,6,0,147,36036
1785131459,5794,6,0,147,36336
1785131759,5794,6,0,147,36637
1785132060,5794,6,0,147,36937
1785132362,5794,6,0,147,37240
1785132663,5794,6,0,147,37541
1785132966,5794,6,0,147,37843
1785133266,5794,6,0,148,38143
1785133567,5796,6,0,148,0
1785133867,5796,6,0,148,300
1785134167,5796,6,0,149,600
1785134467,5796,6,0,149,900
1785134768,5796,6,0,149,1200
1785135068,5796,6,0,149,1501
1785135368,5797,6,0,149,0
1785135668,5797,6,0,149,300
1785135969,5798,6,0,149,0
1785136269,5798,6,0,149,300
1785136569,5798,6,0,149,600
1785136869,5798,6,0,149,900
1785137170,5798,6,0,149,1200
1785137470,5798,6,0,149,1501
1785137770,5798,6,0,149,1801
1785138071,5798,6,0,149,2102
1785138373,5798,6,0,149,2403
1785138674,5802,6,0,150,0
1785138974,5802,6,0,150,300
1785139275,5802,6,0,150,601
1785139578,5802,6,0,150,904
1785139880,5802,6,0,151,1206
1785140181,5804,6,0,151,0
1785140483,5804,6,0,151,301
1785140783,5804,6,0,151,602
1785141083,5804,6,0,151,902
1785141383,5805,6,0,151,0
1785141684,5805,6,0,151,300
1785141984,5805,6,0,151,600
1785142284,5805,6,0,151,900
1785142585,5805,6,0,151,1201
1785142885,5805,6,0,151,1501
1785143188,5805,6,0,151,1804
1785143489,5805,6,0,151,2105
1785143792,5805,6,0,151,2408
1785144092,5805,6,0,151,2708
1785144394,5805,6,0,151,3010
1785144695,5805,6,0,151,3311
1785144995,5805,6,0,151,3611
1785145296,5805,6,0,151,3912
1785145596,5805,6,0,151,4213
1785145897,5805,6,0,151,4513
1785146197,5805,6,0,151,4813
1785146497,5805,6,0,151,5113
1785146797,5805,6,0,151,5414
1785147098,5805,6,0,151,5715
1785147399,5805,6,0,151,6015
1785147701,5805,6,0,151,6317
1785148001,5805,6,0,151,6617
1785148301,5805,6,0,152,6917
1785148603,5805,6,0,152,7220
1785148905,5805,6,0,152,7521
1785149205,5805,6,0,152,7821
1785149505,5805,6,0,152,8122
1785149807,5805,6,0,152,8423
1785150109,5805,6,0,152,8726
1785150410,5805,6,0,152,9026
1785150710,5805,6,0,152,9327
1785151011,5805,6,0,153,9627
1785151313,5805,6,0,153,9929
1785151613,5805,6,0,153,10229
1785151916,5805,6,0,153,10532
1785152218,5805,6,0,153,10834
1785152520,5805,6,0,153,11136
1785152821,5805,6,0,153,11437
1785153121,5805,6,0,153,11737
1785153423,5805,6,0,153,12039
1785153725,5805,6,0,153,12341
1785154027,5805,6,0,153,12643
1785154327,5805,6,0,154,12943
1785154627,5805,6,0,154,13243
1785154927,5805,6,0,155,13544
1785155228,5805,6,0,155,13844
1785155530,5805,6,0,155,14146
1785155830,5805,6,0,155,14446
1785156130,5805,6,0,155,14746
1785156430,5805,6,0,155,15046
1785156730,5805,6,0,156,15347
1785157031,5805,6,0,156,15647
1785157331,5805,6,0,156,15947
1785157631,5805,6,0,156,16247
1785157931,5805,6,0,157,16547
1785158231,5805,6,0,157,16847
1785158531,5805,6,0,157,17147
1785158831,5805,6,0,157,17448
1785159132,5805,6,0,157,17748
1785159432,5805,6,0,157,18048
1785159732,5805,6,0,157,18348
1785160032,5805,6,0,158,18648
1785160332,5805,6,0,158,18948
1785160632,5805,6,0,158,19248
1785160932,5805,6,0,158,19549
1785161233,5805,6,0,158,19849
1785161533,5805,6,0,158,20149
1785161833,5805,6,0,158,20449
1785162133,5805,6,0,158,20749
1785162433,5805,6,0,158,21049
1785162733,5805,6,0,158,21350
1785163034,5805,6,0,158,21650
1785163334,5805,6,0,158,21950
1785163635,5805,6,0,159,22252
1785163936,5805,6,0,159,22552
1785164236,5805,6,0,159,22852
1785164536,5805,6,0,159,23152
1785164836,5805,6,0,160,23452
1785165136,5805,6,0,160,23752
1785165436,5805,6,0,160,24053
1785165737,5805,6,0,160,24353
1785166037,5805,6,0,160,24653
1785166337,5805,6,0,160,24953
1785166637,5805,6,0,160,25253
1785166937,5805,6,0,160,25554
1785167238,5805,6,0,160,25854
1785167538,5805,6,0,160,26154
1785167838,5805,6,0,160,26454
1785168138,5805,6,0,160,26754
1785168438,5805,6,0,160,27055
1785168738,5805,6,0,160,27355
1785169039,5805,6,0,160,27655
1785169339,5805,6,0,160,27955
1785169639,5805,6,0,160,28255
1785169939,5805,6,0,160,28556
1785170240,5805,6,0,160,28856
1785170540,5805,6,0,160,29156
1785170840,5805,6,0,160,29456
1785171140,5805,6,0,160,29756
1785171440,5805,6,0,160,30056
1785171741,5805,6,0,160,30357
1785172041,5805,6,0,161,30657
1785172341,5805,6,0,161,30958
1785172642,5805,6,0,161,31258
1785172942,5805,6,0,162,31558
1785173242,5805,6,0,162,31858
1785173542,5805,6,0,162,32158
1785173842,5805,6,0,162,32458
1785174142,5805,6,0,162,32759
1785174442,5805,6,0,162,33059
1785174743,5805,6,0,162,33359
1785175043,5805,6,0,162,33659
1785175343,5805,6,0,162,33959
1785175643,5805,6,0,162,34259
1785175943,5805,6,0,162,34560
1785176244,5805,6,0,162,34860
1785176544,5805,6,0,162,35160
1785176844,5805,6,0,162,35460
1785177144,5805,6,0,162,35761
1785177445,5805,6,0,162,36061
1785177745,5805,6,0,162,36361
1785178045,5806,6,0,162,0
1785178345,5806,6,0,162,300
1785178645,5806,6,0,162,600
1785178946,5806,6,0,162,900
1785179246,5806,6,0,163,1200
1785179546,5806,6,0,163,1501
1785179846,5806,6,0,163,1801
1785180147,5806,6,0,163,2101
1785180447,5806,6,0,163,2401
1785180747,5806,6,0,163,2701
1785181047,5806,6,0,163,3001
1785181347,5806,6,0,163,3302
1785181647,5806,6,0,163,3602
1785181948,5806,6,0,163,3902
1785182248,5806,6,0,163,4202
1785182548,5806,6,0,163,4502
1785182848,5806,6,0,163,4803
1785183148,5806,6,0,163,5103
1785183449,5806,6,0,163,5403
1785183749,5806,6,0,163,5703
1785184049,5806,6,0,163,6003
1785184349,5806,6,0,163,6303
1785184649,5806,6,0,163,6604
1785184949,5806,6,0,163,6904
1785185249,5806,6,0,163,7204
1785185550,5806,6,0,163,7504
1785185850,5806,6,0,163,7804
1785186150,5806,6,0,163,8104
1785186451,5806,6,0,163,8405
1785186751,5806,6,0,163,8705
1785187051,5806,6,0,163,9005
1785187351,5806,6,0,163,9306
1785187651,5806,6,0,163,9606
1785187952,5806,6,0,163,9906
1785188252,5806,6,0,163,10206
1785188552,5806,6,0,163,10507
1785188852,5806,6,0,163,10807
1785189153,5806,6,0,163,11107
1785189453,5806,6,0,163,11407
1785189753,5806,6,0,163,11707
1785190053,5806,6,0,163,12007
1785190353,5806,6,0,163,12308
1785190653,5806,6,0,163,12608
1785190953,5806,6,0,163,12908
1785191254,5806,6,0,163,13208
1785191555,5806,6,0,163,13510
1785191855,5806,6,0,163,13810
1785192158,5806,6,0,163,14112
1785192460,5806,6,0,163,14414
1785192760,5806,6,0,163,14715
1785193060,5806,6,0,163,15015
1785193361,5806,6,0,163,15315
1785193661,5806,6,0,163,15615
1785193961,5806,6,0,163,15916
1785194262,5806,6,0,163,16216
1785194562,5806,6,0,163,16516
1785194862,5806,6,0,164,16817
1785195162,5806,6,0,165,17117
1785195463,5806,6,0,166,17417
1785195763,5806,6,0,166,17717
1785196063,5806,6,0,166,18017
1785196363,5806,6,0,166,18318
1785196664,5806,6,0,166,18618
1785196964,5806,6,0,166,18918
1785197264,5806,6,0,166,19218
1785197564,5806,6,0,166,19519
1785197864,5806,6,0,166,19819
1785198165,5806,6,0,166,20119
1785198465,5806,6,0,166,20419
1785198766,5806,6,0,166,20720
1785199069,5806,6,0,166,21023
1785199369,5806,6,0,167,21323
1785199669,5806,6,0,167,21624
1785199970,5806,6,0,167,21924
1785200273,5806,6,0,167,22227
1785200576,5806,6,0,167,22530
1785200878,5806,6,0,167,22832
1785201178,5806,6,0,167,23133
1785201480,5806,6,0,167,23434
1785201783,5806,6,0,167,23737
1785202088,5806,6,0,167,24042
1785202389,5806,6,0,167,24343
1785202689,5806,6,0,167,24644
1785202992,5806,6,0,168,24946
1785203295,5806,6,0,168,25249
1785203600,5806,6,0,168,25554
1785203905,5806,6,0,168,25860
1785204210,5806,6,0,168,26165
1785204514,5806,6,0,168,26469
1785204819,5806,6,0,168,26774
1785205124,5806,6,0,168,27078
1785205430,5806,6,0,168,27385
1785205733,5806,6,0,168,27687
1785206033,5806,6,0,168,27987
1785206336,5806,6,0,168,28290
1785206637,5806,6,0,168,28592
1785206938,5806,6,0,168,28893
1785207242,5806,6,0,168,29196
1785207544,5806,6,0,168,29499
1785207845,5806,6,0,168,29799
1785208146,5806,6,0,168,30100
1785208446,5806,6,0,168,30401
1785208749,5806,6,0,168,30704
1785209052,5806,6,0,168,31006
1785209354,5806,6,0,168,31308
1785209654,5806,6,0,168,31609
1785209955,5806,6,0,168,31909
1785210255,5806,6,0,168,32209
1785210556,5806,6,0,168,32511
1785210857,5807,6,0,168,0
1785211157,5807,6,0,168,300
1785211460,5807,6,0,168,603
1785211761,5807,6,0,168,904
1785212061,5807,6,0,168,1204
1785212362,5807,6,0,168,1504
1785212663,5807,6,0,168,1805
1785212966,5807,6,0,168,2109
1785213266,5807,6,0,168,2409
1785213567,5807,6,0,168,2709
1785213869,5807,6,0,168,3011
1785214172,5807,6,0,168,3314
1785214472,5807,6,0,168,3614
1785214772,5809,6,0,168,0
1785215075,5809,6,0,168,302
1785215375,5809,6,0,168,602
1785215677,5809,6,0,168,904
1785215977,5809,6,0,168,1205
1785216278,5809,6,0,168,1505
1785216578,5809,6,0,168,1805
1785216878,5809,6,0,168,2105
1785217178,5809,6,0,168,2405
1785217478,5809,6,0,168,2705
1785217778,5809,6,0,169,3005
1785218079,5809,6,0,169,3306
1785218379,5809,6,0,169,3606
1785218679,5809,6,0,169,3907
1785218982,5809,6,0,169,4209
1785219282,5809,6,0,169,4509
1785219582,5809,6,0,169,4810
1785219883,5809,6,0,169,5110
1785220183,5809,6,0,169,5410
1785220483,5809,6,0,169,5710
1785220783,5809,6,0,169,6010
1785221084,5809,6,0,169,6311
1785221384,5809,6,0,169,6611
1785221684,5809,6,0,169,6911
1785221984,5809,6,0,169,7212
1785222285,5809,6,0,169,7512
1785222585,5809,6,0,169,7812
1785222885,5809,6,0,169,8113
1785223186,5809,6,0,170,8413
1785223486,5809,6,0,170,8713
1785223786,5809,6,0,170,9013
1785224086,5809,6,0,170,9314
1785224387,5809,6,0,170,9614
1785224687,5809,6,0,170,9915
1785224988,5809,6,0,170,10215
1785225290,5809,6,0,170,10517
1785225591,5809,6,0,170,10818
1785225891,5809,6,0,170,11118
1785226191,5809,6,0,170,11418
1785226491,5809,6,0,170,11718
1785226792,5809,6,0,170,12019
1785227092,5809,6,0,170,12319
1785227392,5809,6,0,170,12619
1785227692,5809,6,0,171,12920
1785227993,5809,6,0,171,13220
1785228294,5809,6,0,171,13521
1785228594,5809,6,0,171,13821
1785228894,5809,6,0,171,14122
1785229196,5809,6,0,171,14423
1785229496,5809,6,0,171,14723
1785229796,5809,6,0,171,15024
1785230097,5809,6,0,171,15324
1785230397,5809,6,0,171,15624
1785230697,5809,6,0,171,15924
1785230997,5809,6,0,171,16225
1785231298,5809,6,0,171,16525
1785231599,5809,6,0,171,16827
1785231900,5809,6,0,171,17127
1785232200,5809,6,0,171,17427
1785232501,5809,6,0,171,17728
1785232801,5809,6,0,171,18029
1785233102,5809,6,0,171,18329
1785233402,5809,6,0,171,18629
1785233703,5809,6,0,171,18930
1785234003,5809,6,0,171,19230
1785234303,5811,6,0,171,0
1785234603,5811,6,0,171,300
1785234904,5811,6,0,171,600
1785235204,5811,6,0,172,900
1785235504,5811,6,0,172,1201
1785235805,5811,6,0,172,1501
1785236105,5811,6,0,172,1801
1785236406,5811,6,0,172,2102
1785236707,5811,6,0,172,2404
1785237010,5811,6,0,172,2706
1785237316,5811,6,0,172,3012
1785237621,5811,6,0,173,3317
1785237925,5811,6,0,173,3621
1785238232,5811,6,0,173,3928
1785238536,5811,6,0,173,4232
1785238849,5811,6,0,173,4545
1785239152,5811,6,0,173,4848
1785239452,5811,6,0,173,5149
1785239753,5811,6,0,173,5449
1785240053,5811,6,0,173,5749
1785240353,5811,6,0,173,6050
1785240654,5811,6,0,173,6350
1785240954,5811,6,0,173,6650
1785241256,5811,6,0,173,6952
1785241556,5811,6,0,173,7253
1785241859,5811,6,0,173,7555
1785242164,5811,6,0,173,7860
1785242464,5811,6,0,173,8160
1785242764,5811,6,0,173,8461
1785243064,5811,6,0,173,8761
1785243365,5811,6,0,173,9061
1785243665,5811,6,0,173,9361
1785243965,5811,6,0,173,9661
1785244265,5811,6,0,173,9962
1785244565,5811,6,0,173,10262
1785244866,5811,6,0,173,10562
1785245166,5811,6,0,173,10862
1785245466,5811,6,0,173,11162
1785245766,5811,6,0,173,11463
1785246066,5811,6,0,173,11763
1785246367,5811,6,0,173,12063
1785246667,5811,6,0,173,12363
1785246967,5811,6,0,173,12663
1785247267,5811,6,0,173,12963
1785247567,5811,6,0,173,13264
1785247868,5811,6,0,173,13564
1785248168,5811,6,0,173,13864
1785248468,5811,6,0,173,14164
1785248769,5811,6,0,173,14465
1785249069,5811,6,0,173,14765
1785249369,5811,6,0,173,15065
1785249669,5811,6,0,173,15366
1785249970,5811,6,0,173,15666
1785250270,5811,6,0,173,15966
1785250570,5811,6,0,173,16266
1785250871,5811,6,0,173,16567
1785251171,5811,6,0,173,16867
1785251471,5811,6,0,173,17167
1785251771,5811,6,0,173,17468
1785252072,5811,6,0,173,17768
1785252372,5811,6,0,173,18068
1785252672,5811,6,0,173,18368
1785252972,5811,6,0,173,18669
1785253273,5811,6,0,173,18969
1785253573,5811,6,0,173,19269
1785253873,5811,6,0,173,19569
1785254173,5811,6,0,173,19870
1785254474,5811,6,0,173,20170
1785254775,5811,6,0,173,20471
1785255075,5811,6,0,173,20771
1785255375,5811,6,0,173,21072
1785255676,5811,6,0,173,21372
1785255976,5811,6,0,173,21672
1785256276,5811,6,0,173,21972
1785256576,5811,6,0,173,22273
1785256877,5817,6,0,173,0
1785257177,5817,6,0,173,300
1785257477,5817,6,0,173,600
1785257777,5817,6,0,173,900
1785258077,5817,6,0,173,1200
1785258379,5817,6,0,173,1502
1785258679,5817,6,0,173,1802
1785258979,5817,6,0,173,2102
1785259280,5817,6,0,173,2403
1785259580,5817,6,0,173,2703
1785259880,5817,6,0,173,3003
1785260180,5817,6,0,173,3303
1785260481,5817,6,0,173,3604
1785260781,5817,6,0,173,3904
1785261081,5817,6,0,173,4204
1785261381,5817,6,0,173,4504
1785261683,5817,6,0,173,4806
1785261983,5817,6,0,174,5106
1785262284,5817,6,0,174,5406
1785262584,5817,6,0,174,5707
1785262884,5817,6,0,174,6007
1785263184,5817,6,0,174,6307
1785263484,5817,6,0,174,6607
1785263785,5817,6,0,174,6907
1785264085,5817,6,0,174,7208
1785264385,5817,6,0,174,7508
1785264685,5817,6,0,174,7808
1785264985,5817,6,0,174,8108
1785265286,5817,6,0,174,8408
1785265586,5817,6,0,174,8709
1785265886,5817,6,0,174,9009
1785266186,5817,6,0,174,9309
1785266486,5817,6,0,174,9609
1785266786,5817,6,0,174,9909
1785267087,5817,6,0,174,10210
1785267387,5817,6,0,174,10510
1785267687,5817,6,0,175,10810
1785267987,5817,6,0,175,11110
1785268288,5817,6,0,176,11410
1785268588,5817,6,0,176,11711
1785268888,5817,6,0,176,12011
1785269188,5817,6,0,176,12311
1785269488,5817,6,0,176,12611
1785269789,5817,6,0,176,12911
1785270089,5817,6,0,176,13212
1785270389,5817,6,0,176,13512
1785270689,5817,6,0,176,13812
1785270989,5817,6,0,176,14112
1785271290,5817,6,0,176,14412
1785271590,5817,6,0,176,14713
1785271890,5817,6,0,176,15013
1785272190,5817,6,0,177,15313
1785272490,5817,6,0,177,15613
1785272791,5817,6,0,177,15914
1785273091,5817,6,0,177,16214
1785273391,5817,6,0,177,16514
1785273691,5817,6,0,177,16814
1785273991,5817,6,0,177,17114
1785274291,5817,6,0,177,17414
1785274592,5817,6,0,177,17715
1785274892,5817,6,0,177,18015
1785275192,5817,6,0,177,18315
1785275492,5817,6,0,177,18615
1785275792,5817,6,0,177,18915
1785276093,5817,6,0,178,19215
1785276393,5817,6,0,178,19516
1785276693,5817,6,0,178,19816
1785276993,5817,6,0,178,20116
1785277293,5817,6,0,179,20416
1785277593,5817,6,0,179,20716
1785277894,5817,6,0,179,21016
1785278194,5817,6,0,179,21317
1785278494,5817,6,0,179,21617
1785278794,5817,6,0,180,21917
1785279094,5817,6,0,180,22217
1785279395,5817,6,0,180,22518
1785279695,5817,6,0,180,22818
1785279995,5817,6,0,180,23118
1785280296,5817,6,0,180,23419
1785280596,5817,6,0,180,23719
1785280896,5817,6,0,180,24019
1785281197,5817,6,0,181,24320
1785281497,5817,6,0,181,24620
1785281797,5817,6,0,181,24920
1785282097,5817,6,0,181,25220
1785282398,5817,6,0,181,25521
1785282698,5817,6,0,181,25821
1785282998,5817,6,0,181,26121
1785283299,5817,6,0,181,26422
1785283600,5817,6,0,181,26722
1785283901,5817,6,0,181,27024
1785284203,5817,6,0,181,27326
1785284505,5817,6,0,181,27628
1785284807,5817,6,0,181,27930
1785285107,5817,6,0,181,28230
1785285408,5817,6,0,181,28531
1785285709,5817,6,0,181,28832
1785286009,5817,6,0,181,29132
1785286310,5817,6,0,181,29432
1785286611,5817,6,0,181,29734
1785286912,5817,6,0,181,30035
1785287214,5817,6,0,181,30337
1785287514,5817,6,0,181,30637
1785287816,5817,6,0,181,30939
1785288116,5817,6,0,181,31239
1785288417,5817,6,0,181,31540
1785288717,5817,6,0,182,31840
1785289018,5817,6,0,182,32141
1785289318,5817,6,0,182,32441
1785289619,5817,6,0,182,32742
1785289919,5817,6,0,182,33042
1785290222,5817,6,0,182,33345
1785290522,5817,6,0,182,33645
1785290822,5817,6,0,182,33945
1785291123,5817,6,0,182,34246
1785291423,5817,6,0,182,34546
1785291723,5817,6,0,182,34846
1785292024,5817,6,0,182,35146
1785292324,5817,6,0,182,35447
1785292626,5817,6,0,182,35749
1785292926,5817,6,0,182,36049
1785293227,5817,6,0,182,36349
1785293527,5817,6,0,182,36650
1785293827,5817,6,0,182,36950
1785294127,5817,6,0,182,37250
1785294427,5817,6,0,182,37550
1785294728,5817,6,0,182,37851
1785295028,5817,6,0,182,38151
1785295328,5817,6,0,182,38451
1785295628,5817,6,0,182,38751
1785295929,5817,6,0,182,39051
1785296229,5817,6,0,182,39352
1785296529,5817,6,0,182,39652
1785296829,5817,6,0,182,39952
1785297130,5817,6,0,182,40253
1785297430,5817,6,0,182,40553
1785297730,5817,6,0,182,40853
1785298031,5817,6,0,182,41153
1785298331,5817,6,0,182,41454
1785298631,5817,6,0,183,41754
1785298931,5817,6,0,183,42054
1785299232,5817,6,0,183,42355
1785299532,5817,6,0,183,42655
1785299832,5817,6,0,183,42955
1785300132,5817,6,0,183,43255
1785300433,5817,6,0,183,43556
1785300733,5817,6,0,183,43856
1785301033,5817,6,0,183,44156
1785301334,5817,6,0,183,44456
1785301634,5817,6,0,183,44757
1785301936,5817,6,0,183,45059
1785302236,5817,6,0,183,45359
1785302537,5817,6,0,183,45660
1785302837,5817,6,0,183,45960
1785303137,5817,6,0,183,46260
1785303437,5817,6,0,183,46560
1785303738,5817,6,0,183,46860
1785304038,5817,6,0,183,47161
1785304338,5817,6,0,184,47461
1785304638,5817,6,0,184,47761
1785304938,5817,6,0,184,48061
1785305238,5817,6,0,184,48361
1785305539,5817,6,0,184,48662
1785305839,5817,6,0,184,48962
1785306141,5817,6,0,185,49264
1785306441,5817,6,0,185,49564
1785306742,5817,6,0,185,49864
1785307042,5817,6,0,185,50165
1785307342,5817,6,0,185,50465
1785307642,5817,6,0,185,50765
                               1785547071,5820,6,0,217,0
1785547372,5820,6,0,217,300
1785547672,5820,6,0,217,600
1785547972,5820,6,0,217,901
1785548273,5820,6,0,217,1201
1785548573,5820,6,0,217,1501
1785548873,5820,6,0,217,1802
1785549174,5820,6,0,217,2102
1785549474,5820,6,0,217,2402
1785549774,5820,6,0,217,2703
1785550075,5820,6,0,217,3003
1785550375,5820,6,0,217,3303
1785550675,5820,6,0,217,3603
1785550976,5820,6,0,218,3904
1785551276,5820,6,0,218,4204
1785551576,5820,6,0,219,4504
1785551876,5820,6,0,220,4805
1785552177,5820,6,0,220,5105
1785552477,5820,6,0,220,5405
1785552777,5820,6,0,220,5706
1785553078,5820,6,0,220,6006
1785553378,5820,6,0,220,6306
1785553678,5820,6,0,220,6606
1785553978,5820,6,0,220,6907
1785554279,5820,6,0,220,7207
1785554579,5820,6,0,221,7507
1785554879,5820,6,0,221,7807
1785555179,5820,6,0,221,8108
1785555480,5820,6,0,221,8408
1785555780,5820,6,0,221,8708
1785556080,5820,6,0,221,9008
1785556380,5820,6,0,221,9309
1785556681,5820,6,0,221,9609
1785556981,5820,6,0,221,9909
1785557281,5820,6,0,221,10209
1785557581,5820,6,0,221,10509
1785557881,5820,6,0,221,10810
1785558182,5820,6,0,221,11110
1785558482,5820,6,0,221,11410
1785558782,5820,6,0,221,11710
1785559082,5820,6,0,221,12010
1785559382,5820,6,0,221,12311
1785559683,5820,6,0,221,12611
1785559983,5820,6,0,221,12911
1785560283,5820,6,0,221,13211
1785560583,5820,6,0,221,13512
1785560884,5820,6,0,222,13812
1785561184,5820,6,0,222,14112
1785561484,5820,6,0,223,14412
1785561784,5820,6,0,223,14713
1785562085,5820,6,0,223,15013
1785562385,5820,6,0,223,15313
1785562685,5820,6,0,223,15613
1785562985,5820,6,0,223,15914
1785563286,5820,6,0,223,16214
1785563586,5820,6,0,223,16514
1785563886,5820,6,0,223,16814
1785564186,5820,6,0,224,17114
1785564486,5820,6,0,224,17415
1785564787,5820,6,0,224,17715
1785565087,5820,6,0,224,18015
1785565387,5820,6,0,224,18315
1785565687,5820,6,0,224,18616
1785565988,5820,6,0,224,18916
1785566288,5820,6,0,224,19216
1785566588,5820,6,0,224,19516
1785566888,5820,6,0,224,19816
1785567188,5820,6,0,225,20117
1785567489,5820,6,0,225,20417
1785567789,5820,6,0,225,20717
1785568089,5820,6,0,225,21017
1785568389,5820,6,0,225,21318
1785568690,5820,6,0,225,21618
1785568990,5820,6,0,225,21918
1785569290,5820,6,0,226,22218
1785569590,5820,6,0,226,22518
1785569890,5820,6,0,226,22819
1785570191,5820,6,0,226,23119
1785570491,5820,6,0,226,23419
1785570791,5820,6,0,226,23719
1785571091,5820,6,0,226,24019
1785571392,5820,6,0,226,24320
1785571692,5820,6,0,226,24620
1785571992,5820,6,0,226,24920
1785572292,5820,6,0,226,25220
1785572592,5820,6,0,226,25521
1785572893,5820,6,0,226,25821
1785573193,5820,6,0,226,26121
1785573493,5820,6,0,226,26421
1785573793,5820,6,0,226,26721
1785574093,5820,6,0,226,27022
1785574394,5820,6,0,226,27322
1785574694,5820,6,0,226,27622
1785574994,5820,6,0,226,27922
1785575294,5820,6,0,226,28222
1785575594,5820,6,0,226,28523
1785575895,5820,6,0,226,28823
1785576195,5820,6,0,226,29123
1785576495,5820,6,0,226,29423
1785576795,5820,6,0,226,29724
1785577096,5820,6,0,226,30024
1785577396,5820,6,0,226,30324
1785577696,5820,6,0,226,30624
1785577996,5820,6,0,226,30924
1785578297,5820,6,0,226,31225
1785578597,5820,6,0,226,31525
1785578897,5820,6,0,226,31825
1785579197,5820,6,0,226,32125
1785579497,5820,6,0,226,32426
1785579798,5820,6,0,226,32726
1785580098,5820,6,0,226,33026
1785580398,5820,6,0,226,33326
1785580698,5820,6,0,226,33626
1785580998,5820,6,0,226,33926
1785581299,5820,6,0,226,34227
1785581599,5820,6,0,226,34527
1785581899,5820,6,0,226,34827
1785582199,5820,6,0,226,35128
1785582500,5820,6,0,226,35428
1785582800,5820,6,0,226,35728
1785583100,5820,6,0,226,36028
1785583400,5820,6,0,227,36329
1785583701,5820,6,0,228,36629
1785584001,5820,6,0,228,36929
1785584301,5820,6,0,228,37229
1785584602,5820,6,0,228,37530
1785584902,5820,6,0,228,37830
1785585202,5824,6,0,228,0
1785585503,5824,6,0,228,300
1785585804,5824,6,0,228,601
1785586108,5824,6,0,228,905
1785586409,5825,6,0,228,0
1785586709,5825,6,0,229,300
1785587009,5825,6,0,229,600
1785587310,5825,6,0,229,901
1785587610,5825,6,0,229,1201
1785587910,5825,6,0,229,1501
1785588211,5825,6,0,229,1802
1785588511,5825,6,0,229,2102
1785588811,5825,6,0,229,2402
1785589112,5825,6,0,229,2703
1785589412,5825,6,0,229,3003
1785589712,5825,6,0,229,3303
1785590013,5825,6,0,229,3604
1785590313,5825,6,0,230,3904
1785590613,5825,6,0,231,4204
1785590913,5825,6,0,231,4504
1785591214,5825,6,0,231,4805
1785591514,5825,6,0,231,5105
1785591814,5825,6,0,231,5405
1785592115,5825,6,0,231,5705
1785592415,5825,6,0,231,6006
1785592715,5826,6,0,231,0
1785593016,5826,6,0,231,300
1785593316,5826,6,0,231,600
1785593616,5826,6,0,232,900
1785593917,5827,6,0,232,0
1785594217,5827,6,0,232,300
1785594518,5827,6,0,232,600
1785594818,5827,6,0,232,901
1785595118,5827,6,0,232,1201
1785595418,5827,6,0,232,1501
1785595719,5827,6,0,232,1802
1785596019,5827,6,0,232,2102
1785596319,5827,6,0,232,2402
1785596620,5827,6,0,232,2703
1785596920,5827,6,0,233,3003
1785597220,5827,6,0,233,3303
1785597521,5827,6,0,233,3603
1785597821,5827,6,0,233,3904
1785598121,5827,6,0,233,4204
1785598421,5827,6,0,233,4504
1785598722,5827,6,0,233,4804
1785599022,5827,6,0,233,5105
1785599322,5827,6,0,233,5405
1785599622,5827,6,0,233,5705
1785599923,5827,6,0,233,6005
1785600223,5827,6,0,233,6306
1785600523,5827,6,0,234,6606
1785600823,5827,6,0,234,6906
1785601124,5827,6,0,234,7207
1785601424,5827,6,0,234,7507
1785601724,5827,6,0,234,7807
1785602025,5827,6,0,234,8107
1785602325,5827,6,0,234,8408
1785602625,5827,6,0,234,8708
1785602926,5827,6,0,234,9008
1785603226,5827,6,0,234,9309
1785603526,5827,6,0,234,9609
1785603826,5827,6,0,234,9909
1785604127,5827,6,0,234,10209
1785604427,5827,6,0,234,10510
1785604727,5827,6,0,234,10810
1785605027,5827,6,0,234,11110
1785605328,5827,6,0,234,11410
1785605628,5827,6,0,234,11711
1785605928,5827,6,0,234,12011
1785606229,5827,6,0,234,12312
1785606529,5827,6,0,234,12612
1785606829,5827,6,0,234,12912
1785607129,5827,6,0,234,13212
1785607430,5827,6,0,234,13513
1785607730,5827,6,0,234,13813
1785608030,5827,6,0,234,14113
1785608331,5827,6,0,234,14414
1785608631,5827,6,0,234,14714
1785608931,5827,6,0,234,15014
1785609232,5827,6,0,234,15314
1785609532,5827,6,0,234,15615
1785609832,5827,6,0,234,15915
1785610132,5827,6,0,234,16215
1785610433,5827,6,0,234,16516
1785610733,5827,6,0,234,16816
1785611033,5827,6,0,234,17116
1785611334,5827,6,0,234,17416
1785611634,5827,6,0,234,17717
1785611934,5827,6,0,234,18017
1785612234,5827,6,0,234,18317
1785612535,5827,6,0,235,18617
1785612835,5827,6,0,235,18918
1785613135,5827,6,0,235,19218
1785613435,5827,6,0,235,19518
1785613736,5827,6,0,235,19818
1785614036,5827,6,0,235,20119
1785614336,5827,6,0,235,20419
1785614637,5827,6,0,235,20719
1785614937,5827,6,0,235,21020
1785615237,5827,6,0,235,21320
1785615537,5827,6,0,235,21620
1785615838,5827,6,0,235,21920
1785616138,5827,6,0,235,22221
1785616438,5827,6,0,235,22521
1785616739,5827,6,0,235,22822
1785617039,5827,6,0,235,23122
1785617339,5827,6,0,235,23422
1785617639,5827,6,0,235,23722
1785617940,5827,6,0,235,24022
1785618240,5827,6,0,235,24323
1785618540,5827,6,0,235,24623
1785618840,5827,6,0,235,24923
1785619141,5827,6,0,235,25223
1785619441,5827,6,0,235,25524
1785619741,5827,6,0,235,25824
1785620041,5827,6,0,235,26124
1785620341,5827,6,0,235,26424
1785620642,5827,6,0,236,26724
1785620942,5827,6,0,236,27025
1785621242,5827,6,0,236,27325
1785621543,5827,6,0,236,27625
1785621843,5827,6,0,236,27926
1785622143,5827,6,0,236,28226
1785622443,5827,6,0,236,28526
1785622744,5827,6,0,236,28827
1785623044,5827,6,0,236,29127
1785623344,5827,6,0,236,29427
1785623645,5827,6,0,236,29728
1785623945,5827,6,0,236,30028
1785624245,5827,6,0,236,30328
1785624546,5827,6,0,236,30629
1785624846,5827,6,0,236,30929
1785625146,5827,6,0,236,31229
1785625446,5827,6,0,236,31529
1785625747,5827,6,0,236,31830
1785626047,5827,6,0,236,32130
1785626347,5827,6,0,236,32430
1785626647,5827,6,0,236,32730
1785626948,5827,6,0,236,33030
1785627248,5827,6,0,236,33331
1785627548,5827,6,0,236,33631
1785627849,5827,6,0,236,33931
1785628149,5827,6,0,236,34232
1785628449,5827,6,0,236,34532
1785628749,5827,6,0,236,34832
1785629049,5827,6,0,236,35132
1785629350,5827,6,0,236,35432
1785629650,5827,6,0,236,35733
1785629950,5827,6,0,236,36033
1785630250,5827,6,0,237,36333
1785630551,5827,6,0,237,36633
1785630851,5827,6,0,237,36934
1785631151,5827,6,0,237,37234
1785631451,5827,6,0,237,37534
1785631752,5827,6,0,237,37835
1785632052,5827,6,0,237,38135
1785632352,5827,6,0,237,38435
1785632652,5827,6,0,237,38735
1785632953,5827,6,0,237,39036
1785633253,5827,6,0,237,39336
1785633553,5827,6,0,237,39636
1785633853,5827,6,0,237,39936
1785634153,5828,6,0,237,0
1785634454,5829,6,0,237,0
1785634754,5829,6,0,237,300
1785635054,5829,6,0,237,600
1785635354,5830,6,0,238,0
1785635655,5830,6,0,238,300
1785635955,5830,6,0,238,600
1785636255,5831,6,0,238,0
1785636555,5831,6,0,238,300
1785636856,5831,6,0,238,600
1785637156,5831,6,0,238,900
1785637456,5831,6,0,238,1201
1785637757,5831,6,0,238,1501
1785638057,5831,6,0,239,1801
1785638357,5831,6,0,239,2101
1785638657,5831,6,0,239,2402
1785638958,5831,6,0,239,2702
1785639258,5831,6,0,239,3003
1785639558,5831,6,0,239,3303
1785639859,5831,6,0,239,3603
1785640159,5831,6,0,239,3904
1785640460,5831,6,0,239,4204
1785640761,5831,6,0,239,4505
1785641061,5831,6,0,239,4805
1785641361,5831,6,0,239,5106
1785641661,5831,6,0,239,5406
1785641962,5831,6,0,239,5706
1785642262,5831,6,0,239,6006
1785642562,5831,6,0,239,6307
1785642863,5831,6,0,239,6607
1785643163,5831,6,0,239,6907
1785643463,5831,6,0,239,7208
1785643764,5831,6,0,239,7508
1785644064,5831,6,0,239,7808
1785644364,5831,6,0,239,8109
1785644665,5831,6,0,239,8409
1785644965,5831,6,0,239,8709
1785645265,5831,6,0,239,9009
1785645565,5831,6,0,239,9310
1785645866,5831,6,0,239,9610
1785646166,5831,6,0,240,9910
1785646466,5831,6,0,240,10211
1785646767,5831,6,0,240,10511
1785647067,5831,6,0,240,10811
1785647367,5831,6,0,240,11111
1785647667,5831,6,0,240,11412
1785647968,5831,6,0,240,11712
1785648268,5831,6,0,240,12012
1785648568,5831,6,0,240,12312
1785648868,5831,6,0,241,12613
1785649169,5831,6,0,241,12913
1785649469,5831,6,0,241,13213
1785649769,5831,6,0,241,13513
1785650069,5831,6,0,241,13814
1785650369,5831,6,0,241,14114
1785650670,5831,6,0,241,14414
1785650970,5831,6,0,241,14714
1785651270,5831,6,0,241,15015
1785651571,5831,6,0,241,15315
1785651871,5831,6,0,241,15615
1785652171,5831,6,0,241,15915
1785652471,5831,6,0,241,16216
1785652772,5831,6,0,241,16516
1785653072,5831,6,0,241,16816
1785653372,5831,6,0,241,17117
1785653672,5831,6,0,241,17417
1785653973,5831,6,0,241,17717
1785654273,5831,6,0,242,18017
1785654573,5831,6,0,242,18318
1785654874,5831,6,0,242,18618
1785655174,5831,6,0,242,18918
1785655474,5831,6,0,242,19219
1785655775,5831,6,0,242,19519
1785656075,5831,6,0,242,19819
1785656375,5831,6,0,242,20119
1785656676,5831,6,0,242,20420
1785656976,5831,6,0,243,20720
1785657276,5831,6,0,243,21020
1785657576,5831,6,0,244,21321
1785657877,5831,6,0,244,21621
1785658180,5831,6,0,244,21924
1785658480,5831,6,0,244,22224
1785658781,5831,6,0,244,22525
1785659081,5831,6,0,244,22825
1785659382,5831,6,0,244,23126
1785659682,5831,6,0,244,23426
1785659982,5831,6,0,244,23726
1785660283,5831,6,0,244,24027
1785660583,5831,6,0,244,24327
1785660886,5831,6,0,244,24630
1785661187,5831,6,0,244,24931
1785661487,5831,6,0,244,25231
1785661787,5831,6,0,244,25532
1785662088,5831,6,0,244,25832
1785662388,5831,6,0,244,26132
1785662688,5831,6,0,244,26433
1785662989,5831,6,0,244,26733
1785663289,5831,6,0,245,27033
1785663589,5831,6,0,245,27334
1785663890,5831,6,0,245,27634
1785664190,5831,6,0,245,27935
1785664491,5831,6,0,245,28235
1785664791,5831,6,0,245,28535
1785665091,5831,6,0,245,28836
1785665392,5831,6,0,245,29136
1785665692,5831,6,0,245,29436
1785665992,5831,6,0,245,29737
1785666293,5831,6,0,245,30037
1785666593,5831,6,0,245,30337
1785666893,5831,6,0,245,30638
1785667194,5831,6,0,245,30938
1785667494,5831,6,0,245,31238
1785667795,5831,6,0,245,31539
1785668095,5831,6,0,245,31839
1785668395,5831,6,0,245,32140
1785668696,5831,6,0,245,32440
1785668996,5831,6,0,245,32740
1785669296,5831,6,0,245,33040
1785669596,5831,6,0,245,33341
1785669897,5831,6,0,246,33641
1785670197,5831,6,0,246,33941
1785670497,5831,6,0,246,34242
1785670797,5831,6,0,246,34542
1785671098,5831,6,0,246,34842
1785671398,5831,6,0,246,35142
1785671698,5831,6,0,246,35443
1785671999,5831,6,0,246,35743
1785672299,5831,6,0,246,36044
1785672599,5831,6,0,246,36344
1785672900,5831,6,0,246,36644
1785673200,5831,6,0,246,36944
1785673500,5831,6,0,246,37244
1785673800,5831,6,0,246,37545
1785674101,5831,6,0,246,37845
1785674401,5831,6,0,246,38145
1785674701,5831,6,0,247,38446
1785675002,5831,6,0,247,38746
1785675302,5831,6,0,247,39046
1785675602,5831,6,0,247,39347
1785675903,5831,6,0,247,39647
1785676203,5831,6,0,247,39947
1785676503,5831,6,0,247,40247
1785676803,5831,6,0,247,40548
1785677104,5831,6,0,247,40848
1785677404,5831,6,0,247,41148
1785677704,5831,6,0,247,41448
1785678005,5831,6,0,247,41749
1785678305,5831,6,0,247,42049
1785678605,5831,6,0,247,42349
1785678905,5831,6,0,247,42650
1785679206,5831,6,0,247,42950
1785679506,5831,6,0,247,43251
1785679807,5831,6,0,247,43551
1785680107,5831,6,0,247,43852
1785680408,5831,6,0,247,44152
1785680708,5831,6,0,247,44452
1785681008,5831,6,0,247,44753
1785681309,5831,6,0,247,45053
1785681609,5831,6,0,247,45353
1785681909,5831,6,0,248,45654
1785682209,5831,6,0,248,45954
1785682510,5831,6,0,248,46254
1785682810,5831,6,0,248,46554
1785683110,5831,6,0,248,46855
1785683411,5831,6,0,248,47155
1785683711,5831,6,0,248,47455
1785684011,5831,6,0,248,47756
1785684312,5831,6,0,248,48056
1785684612,5831,6,0,248,48356
1785684912,5831,6,0,248,48656
1785685212,5831,6,0,248,48957
1785685513,5831,6,0,248,49257
1785685813,5831,6,0,248,49557
1785686113,5831,6,0,248,49858
1785686414,5831,6,0,248,50158
1785686714,5831,6,0,248,50458
1785687014,5831,6,0,248,50759
1785687315,5831,6,0,248,51059
1785687615,5831,6,0,248,51359
1785687915,5831,6,0,249,51659
1785688215,5831,6,0,249,51960
1785688516,5831,6,0,249,52260
1785688816,5831,6,0,249,52560
1785689116,5831,6,0,249,52860
1785689416,5831,6,0,249,53161
1785689717,5831,6,0,249,53461
1785690017,5831,6,0,249,53761
1785690317,5831,6,0,250,54061
1785690617,5831,6,0,250,54362
1785690917,5831,6,0,250,54662
1785691218,5832,6,0,250,0
1785691518,5832,6,0,250,300
1785691818,5832,6,0,250,600
1785692119,5832,6,0,250,900
1785692419,5832,6,0,250,1201
1785692719,5832,6,0,250,1501
1785693020,5832,6,0,250,1801
1785693320,5832,6,0,250,2102
1785693620,5832,6,0,250,2402
1785693920,5832,6,0,250,2702
1785694221,5832,6,0,250,3002
1785694521,5832,6,0,250,3303
1785694821,5832,6,0,250,3603
1785695122,5832,6,0,250,3903
1785695422,5832,6,0,250,4204
1785695722,5832,6,0,250,4504
1785696022,5832,6,0,250,4804
1785696323,5832,6,0,250,5104
1785696623,5832,6,0,250,5405
1785696923,5832,6,0,250,5705
1785697223,5832,6,0,250,6005
1785697524,5832,6,0,250,6305
1785697824,5832,6,0,250,6606
1785698124,5832,6,0,250,6906
1785698425,5832,6,0,250,7206
1785698725,5832,6,0,250,7507
1785699025,5832,6,0,250,7807
1785699325,5832,6,0,250,8107
1785699626,5832,6,0,250,8407
1785699926,5832,6,0,250,8708
1785700226,5832,6,0,250,9008
1785700526,5832,6,0,250,9308
1785700826,5832,6,0,250,9608
1785701127,5832,6,0,250,9908
1785701427,5832,6,0,250,10209
1785701727,5832,6,0,250,10509
1785702027,5832,6,0,250,10809
1785702328,5832,6,0,250,11109
1785702628,5832,6,0,250,11410
1785702928,5832,6,0,250,11710
1785703228,5832,6,0,250,12010
1785703529,5832,6,0,250,12310
1785703829,5832,6,0,250,12611
1785704129,5832,6,0,250,12911
1785704430,5832,6,0,250,13211
1785704730,5832,6,0,250,13512
1785705030,5832,6,0,250,13812
1785705331,5832,6,0,250,14112
1785705631,5832,6,0,250,14413
1785705931,5832,6,0,250,14713
1785706231,5832,6,0,250,15013
1785706532,5832,6,0,250,15313
1785706832,5832,6,0,250,15614
1785707132,5832,6,0,250,15914
1785707433,5832,6,0,250,16214
1785707733,5832,6,0,250,16515
1785708033,5832,6,0,250,16815
1785708334,5832,6,0,250,17115
1785708634,5832,6,0,250,17416
1785708934,5832,6,0,250,17716
1785709234,5832,6,0,250,18016
1785709535,5832,6,0,250,18316
1785709836,5832,6,0,250,18617
1785710136,5832,6,0,250,18918
1785710436,5832,6,0,250,19218
1785710736,5832,6,0,250,19518
1785711037,5832,6,0,250,19818
1785711337,5832,6,0,250,20119
1785711637,5832,6,0,250,20419
1785711938,5832,6,0,250,20719
1785712238,5832,6,0,250,21020
1785712538,5832,6,0,250,21320
1785712839,5832,6,0,250,21620
1785713139,5832,6,0,250,21921
1785713439,5832,6,0,250,22221
1785713740,5832,6,0,250,22521
1785714040,5832,6,0,250,22822
1785714340,5832,6,0,250,23122
1785714641,5832,6,0,250,23422
1785714941,5832,6,0,250,23723
1785715241,5832,6,0,250,24023
1785715542,5832,6,0,250,24323
1785715842,5832,6,0,250,24624
1785716144,5832,6,0,250,24926
1785716445,5832,6,0,250,25227
1785716745,5832,6,0,250,25527
1785717046,5832,6,0,250,25827
1785717346,5832,6,0,250,26128
1785717647,5832,6,0,250,26428
1785717947,5832,6,0,252,26729
1785718248,5832,6,0,252,27029
1785718548,5832,6,0,252,27330
1785718848,5832,6,0,252,27630
1785719149,5832,6,0,253,27930
1785719449,5832,6,0,253,28231
1785719749,5832,6,0,253,28531
1785720050,5832,6,0,253,28831
1785720350,5832,6,0,253,29131
1785720650,5832,6,0,253,29432
1785720950,5832,6,0,254,29732
1785721251,5832,6,0,254,30032
1785721551,5832,6,0,254,30333
1785721851,5832,6,0,254,30633
1785722151,5832,6,0,254,30933
1785722452,5832,6,0,255,31233
1785722752,5832,6,0,255,31534
1785723052,5832,6,0,255,31834
1785723353,5832,6,0,255,32134
1785723653,5832,6,0,255,32435
1785723953,5832,6,0,255,32735
1785724253,5832,6,0,255,33035
1785724554,5832,6,0,255,33335
1785724854,5834,6,0,255,0
1785725154,5834,6,0,255,300
1785725455,5834,6,0,255,600
1785725755,5834,6,0,255,900
1785726055,5834,6,0,255,1201
1785726355,5835,6,0,255,0
1785726656,5835,6,0,255,300
1785726956,5835,6,0,256,600
1785727256,5835,6,0,256,900
1785727557,5835,6,0,256,1201
1785727857,5835,6,0,256,1501
1785728157,5835,6,0,256,1801
1785728457,5835,6,0,256,2102
1785728758,5835,6,0,256,2402
1785729058,5835,6,0,256,2702
1785729358,5835,6,0,257,3002
1785729659,5835,6,0,257,3303
1785729959,5835,6,0,257,3603
1785730259,5835,6,0,257,3903
1785730559,5835,6,0,257,4203
1785730860,5835,6,0,257,4504
1785731160,5835,6,0,257,4804
1785731460,5835,6,0,257,5104
1785731760,5835,6,0,257,5404
1785732061,5835,6,0,257,5705
1785732361,5835,6,0,257,6005
1785732661,5835,6,0,257,6305
1785732961,5835,6,0,257,6606
1785733262,5835,6,0,257,6906
1785733562,5835,6,0,257,7206
1785733863,5835,6,0,257,7507
1785734163,5835,6,0,257,7807
1785734463,5835,6,0,257,8107
1785734763,5835,6,0,257,8408
1785735064,5835,6,0,257,8708
1785735364,5835,6,0,257,9008
1785735664,5835,6,0,257,9308
1785735965,5835,6,0,257,9609
1785736265,5835,6,0,257,9909
1785736565,5835,6,0,257,10209
1785736865,5835,6,0,257,10509
1785737166,5835,6,0,257,10810
1785737466,5835,6,0,257,11110
1785737767,5835,6,0,257,11411
1785738067,5835,6,0,257,11711
1785738367,5835,6,0,257,12011
1785738668,5835,6,0,257,12312
1785738968,5835,6,0,257,12612
1785739268,5835,6,0,257,12912
1785739569,5835,6,0,257,13213
1785739869,5835,6,0,257,13513
1785740170,5835,6,0,257,13814
1785740470,5835,6,0,257,14114
1785740770,5835,6,0,257,14414
1785741071,5835,6,0,257,14715
1785741371,5835,6,0,257,15015
1785741671,5835,6,0,257,15315
1785741972,5835,6,0,257,15616
1785742272,5835,6,0,257,15916
1785742572,5835,6,0,257,16216
1785742873,5835,6,0,257,16517
1785743173,5835,6,0,257,16817
1785743474,5835,6,0,257,17118
1785743774,5835,6,0,257,17418
1785744074,5835,6,0,257,17718
1785744374,5835,6,0,257,18018
1785744675,5835,6,0,257,18319
1785744975,5835,6,0,257,18619
1785745276,5835,6,0,257,18920
1785745576,5835,6,0,257,19220
1785745876,5835,6,0,257,19520
1785746177,5835,6,0,257,19821
1785746477,5835,6,0,257,20121
1785746777,5835,6,0,257,20421
1785747078,5835,6,0,257,20722
1785747378,5835,6,0,257,21022
1785747678,5835,6,0,257,21322
1785747979,5835,6,0,257,21623
1785748279,5835,6,0,257,21923
1785748579,5835,6,0,257,22224
1785748880,5835,6,0,257,22524
1785749180,5835,6,0,258,22824
1785749481,5837,6,0,258,0
1785749781,5837,6,0,258,300
1785750081,5837,6,0,258,600
1785750382,5837,6,0,258,901
1785750682,5838,6,0,258,0
1785750983,5838,6,0,258,300
1785751283,5838,6,0,258,600
1785751583,5838,6,0,258,901
1785751884,5838,6,0,258,1201
1785752184,5838,6,0,258,1501
1785752484,5838,6,0,258,1802
1785752785,5838,6,0,258,2102
1785753085,5838,6,0,258,2402
1785753385,5838,6,0,259,2703
1785753686,5838,6,0,259,3003
1785753986,5838,6,0,259,3304
1785754286,5838,6,0,259,3604
1785754587,5838,6,0,259,3904
1785754887,5838,6,0,259,4204
1785755187,5838,6,0,259,4505
1785755488,5838,6,0,259,4805
1785755788,5838,6,0,259,5105
1785756088,5838,6,0,259,5406
1785756389,5838,6,0,259,5706
1785756689,5838,6,0,259,6006
1785756989,5838,6,0,259,6307
1785757290,5838,6,0,259,6607
1785757590,5838,6,0,259,6907
1785757890,5838,6,0,259,7208
1785758191,5838,6,0,259,7508
1785758491,5838,6,0,259,7808
1785758791,5838,6,0,259,8108
1785759091,5838,6,0,259,8409
1785759392,5838,6,0,259,8709
1785759692,5838,6,0,259,9009
1785759992,5838,6,0,259,9310
1785760292,5838,6,0,259,9610
1785760593,5838,6,0,259,9910
1785760893,5838,6,0,259,10210
1785761193,5838,6,0,259,10511
1785761493,5838,6,0,259,10811
1785761794,5838,6,0,259,11111
1785762094,5838,6,0,259,11411
1785762394,5838,6,0,259,11712
1785762694,5838,6,0,259,12012
1785762995,5838,6,0,259,12312
1785763295,5838,6,0,260,12612
1785763595,5838,6,0,260,12913
1785763895,5838,6,0,260,13213
1785764196,5838,6,0,260,13513
1785764496,5838,6,0,260,13813
1785764796,5838,6,0,260,14114
1785765096,5838,6,0,260,14414
1785765397,5838,6,0,260,14714
1785765697,5838,6,0,260,15014
1785765997,5838,6,0,260,15315
1785766297,5838,6,0,260,15615
1785766598,5838,6,0,260,15915
1785766898,5838,6,0,260,16215
1785767198,5838,6,0,260,16516
1785767498,5838,6,0,260,16816
1785767799,5838,6,0,260,17116
1785768099,5838,6,0,260,17417
1785768399,5838,6,0,260,17717
1785768700,5838,6,0,260,18017
1785769000,5838,6,0,260,18317
1785769300,5838,6,0,260,18618
1785769601,5838,6,0,260,18918
1785769901,5838,6,0,260,19218
1785770201,5838,6,0,260,19519
1785770502,5838,6,0,260,19819
1785770802,5838,6,0,260,20119
1785771102,5838,6,0,260,20420
1785771403,5838,6,0,260,20720
1785771703,5838,6,0,260,21021
1785772004,5838,6,0,260,21321
1785772304,5838,6,0,260,21621
1785772604,5838,6,0,260,21921
1785772904,5838,6,0,260,22222
1785773205,5838,6,0,260,22522
1785773505,5838,6,0,260,22822
1785773805,5838,6,0,260,23123
1785774106,5838,6,0,260,23423
1785774406,5838,6,0,260,23723
1785774706,5838,6,0,260,24023
1785775006,5838,6,0,260,24324
1785775306,5838,6,0,260,24624
1785775607,5838,6,0,260,24924
1785775907,5838,6,0,261,25224
1785776207,5838,6,0,261,25525
1785776508,5838,6,0,261,25825
1785776808,5838,6,0,261,26125
1785777108,5838,6,0,261,26425
1785777408,5838,6,0,261,26726
1785777709,5838,6,0,261,27026
1785778009,5838,6,0,261,27326
1785778309,5838,6,0,261,27627
1785778610,5838,6,0,261,27927
1785778910,5838,6,0,261,28227
1785779210,5838,6,0,261,28528
1785779511,5838,6,0,261,28828
1785779811,5838,6,0,261,29128
1785780111,5838,6,0,261,29429
1785780412,5838,6,0,261,29729
1785780712,5838,6,0,261,30029
1785781012,5838,6,0,261,30330
1785781313,5838,6,0,261,30630
1785781613,5838,6,0,261,30930
1785781913,5838,6,0,261,31231
1785782214,5838,6,0,261,31531
1785782514,5838,6,0,261,31831
1785782814,5838,6,0,261,32132
1785783115,5838,6,0,261,32432
1785783415,5838,6,0,261,32732
1785783715,5838,6,0,261,33033
1785784016,5838,6,0,261,33333
1785784316,5838,6,0,261,33633
1785784616,5838,6,0,261,33934
1785784916,5838,6,0,261,34234
1785785217,5838,6,0,261,34534
1785785517,5838,6,0,261,34834
1785785817,5838,6,0,261,35135
1785786117,5838,6,0,261,35435
1785786418,5838,6,0,261,35735
1785786718,5838,6,0,261,36035
1785787018,5838,6,0,261,36336
1785787318,5838,6,0,261,36636
1785787619,5838,6,0,261,36936
1785787919,5838,6,0,261,37236
1785788219,5838,6,0,261,37537
1785788520,5839,6,0,261,0
1785788820,5839,6,0,261,300
1785789120,5839,6,0,261,600
1785789420,5839,6,0,261,900
1785789721,5839,6,0,261,1201
1785790021,5839,6,0,261,1501
1785790321,5839,6,0,261,1801
1785790622,5839,6,0,261,2101
1785790922,5839,6,0,261,2402
1785791222,5839,6,0,261,2702
1785791522,5839,6,0,261,3002
1785791823,5839,6,0,261,3303
1785792123,5839,6,0,261,3603
1785792423,5839,6,0,261,3903
1785792724,5839,6,0,261,4204
1785793024,5839,6,0,261,4504
1785793324,5839,6,0,261,4804
1785793625,5839,6,0,261,5105
1785793925,5839,6,0,261,5405
1785794225,5839,6,0,261,5705
1785794526,5839,6,0,261,6005
1785794826,5839,6,0,261,6306
1785795126,5839,6,0,261,6606
1785795426,5839,6,0,261,6906
1785795727,5839,6,0,261,7207
1785796027,5839,6,0,261,7507
1785796327,5839,6,0,261,7807
1785796628,5839,6,0,261,8108
1785796928,5839,6,0,261,8408
1785797228,5839,6,0,261,8708
1785797529,5839,6,0,261,9009
1785797829,5839,6,0,261,9309
1785798129,5839,6,0,261,9609
1785798430,5839,6,0,261,9910
1785798730,5839,6,0,261,10210
1785799030,5839,6,0,261,10510
1785799330,5839,6,0,261,10810
1785799631,5839,6,0,261,11111
1785799931,5839,6,0,261,11411
1785800231,5839,6,0,261,11711
1785800532,5839,6,0,261,12011
1785800832,5839,6,0,261,12312
1785801132,5839,6,0,261,12612
1785801432,5839,6,0,261,12912
1785801733,5839,6,0,261,13213
1785802033,5839,6,0,261,13513
1785802333,5839,6,0,261,13813
1785802634,5839,6,0,261,14114
1785802934,5839,6,0,261,14414
1785803235,5839,6,0,261,14714
1785803535,5839,6,0,261,15015
1785803836,5839,6,0,261,15316
1785804136,5839,6,0,261,15616
1785804436,5839,6,0,261,15916
1785804737,5839,6,0,261,16217
1785805037,5839,6,0,261,16517
1785805337,5839,6,0,261,16817
1785805638,5839,6,0,261,17118
1785805938,5839,6,0,261,17418
1785806239,5839,6,0,261,17719
1785806539,5839,6,0,261,18019
1785806839,5839,6,0,261,18319
1785807140,5839,6,0,261,18620
1785807440,5839,6,0,261,18920
1785807741,5839,6,0,261,19220
1785808041,5839,6,0,261,19521
1785808341,5839,6,0,261,19821
1785808642,5839,6,0,261,20122
1785808942,5839,6,0,261,20422
1785809243,5839,6,0,261,20723
1785809543,5839,6,0,262,21023
1785809844,5839,6,0,262,21323
1785810144,5839,6,0,262,21624
1785810444,5839,6,0,262,21924
1785810745,5839,6,0,262,22225
1785811046,5839,6,0,262,22525
1785811346,5839,6,0,262,22826
1785811646,5839,6,0,262,23126
1785811947,5839,6,0,262,23427
1785812247,5839,6,0,262,23727
1785812547,5839,6,0,262,24027
1785812848,5839,6,0,262,24328
1785813148,5839,6,0,262,24628
1785813448,5839,6,0,262,24928
1785813749,5839,6,0,262,25229
1785814049,5839,6,0,262,25529
1785814349,5839,6,0,262,25829
1785814650,5839,6,0,262,26130
1785814950,5839,6,0,262,26430
1785815250,5839,6,0,262,26730
1785815551,5839,6,0,262,27031
1785815851,5839,6,0,262,27331
1785816152,5839,6,0,262,27631
1785816452,5839,6,0,262,27932
1785816752,5839,6,0,262,28232
1785817053,5839,6,0,262,28532
1785817353,5839,6,0,262,28833
1785817653,5839,6,0,262,29133
1785817954,5839,6,0,262,29434
1785818254,5839,6,0,262,29734
1785818554,5839,6,0,262,30034
1785818855,5839,6,0,262,30335
1785819155,5839,6,0,262,30635
1785819455,5839,6,0,262,30935
1785819756,5839,6,0,262,31236
1785820056,5839,6,0,262,31536
1785820356,5839,6,0,262,31836
1785820657,5839,6,0,262,32137
1785820957,5839,6,0,262,32437
1785821257,5839,6,0,262,32737
1785821558,5839,6,0,262,33038
1785821859,5839,6,0,262,33339
1785822159,5839,6,0,262,33639
1785822460,5839,6,0,262,33939
1785822760,5839,6,0,262,34240
1785823060,5839,6,0,262,34540
1785823361,5839,6,0,262,34841
1785823662,5839,6,0,262,35142
1785823962,5839,6,0,262,35442
1785824262,5839,6,0,262,35742
1785824563,5839,6,0,262,36043
1785824863,5839,6,0,262,36343
1785825164,5839,6,0,262,36643
1785825464,5839,6,0,262,36944
1785825764,5839,6,0,262,37244
1785826065,5839,6,0,262,37545
1785826365,5839,6,0,262,37845
1785826665,5839,6,0,262,38145
1785826966,5839,6,0,262,38446
1785827266,5839,6,0,263,38746
1785827567,5839,6,0,263,39047
1785827867,5839,6,0,263,39347
1785828168,5839,6,0,263,39647
1785828468,5839,6,0,263,39948
1785828768,5839,6,0,263,40248
1785829069,5839,6,0,263,40549
1785829369,5840,6,0,263,0
1785829670,5840,6,0,263,300
1785829970,5840,6,0,263,600
1785830270,5840,6,0,263,901
1785830571,5840,6,0,263,1201
1785830871,5840,6,0,263,1502
1785831172,5840,6,0,263,1802
1785831472,5840,6,0,263,2103
1785831773,5840,6,0,263,2403
1785832073,5840,6,0,263,2703
1785832374,5840,6,0,263,3004
1785832674,5840,6,0,264,3304
1785832974,5840,6,0,264,3605
1785833275,5840,6,0,264,3905
1785833575,5840,6,0,264,4205
1785833875,5840,6,0,264,4506
1785834176,5840,6,0,264,4806
1785834476,5840,6,0,264,5106
1785834776,5840,6,0,264,5407
1785835078,5840,6,0,264,5708
1785835379,5840,6,0,264,6009
1785835679,5840,6,0,264,6309
1785835979,5840,6,0,264,6610
1785836280,5840,6,0,264,6910
1785836580,5840,6,0,264,7210
1785836880,5840,6,0,264,7510
1785837180,5840,6,0,264,7811
1785837481,5840,6,0,264,8111
1785837781,5840,6,0,264,8411
1785838081,5840,6,0,264,8712
1785838382,5840,6,0,264,9012
1785838682,5840,6,0,264,9312
1785838982,5840,6,0,264,9613
1785839283,5840,6,0,264,9913
1785839583,5840,6,0,264,10214
1785839884,5840,6,0,264,10514
1785840184,5840,6,0,264,10814
1785840484,5840,6,0,264,11115
1785840784,5840,6,0,264,11415
1785841085,5840,6,0,264,11715
1785841385,5840,6,0,264,12015
1785841685,5840,6,0,264,12316
1785841986,5840,6,0,264,12616
1785842286,5840,6,0,264,12916
1785842586,5840,6,0,264,13216
1785842886,5840,6,0,264,13517
1785843187,5840,6,0,264,13817
1785843487,5840,6,0,264,14117
1785843787,5840,6,0,264,14418
1785844088,5840,6,0,264,14718
1785844388,5840,6,0,264,15018
1785844688,5840,6,0,264,15318
1785844988,5840,6,0,264,15619
1785845289,5840,6,0,264,15919
1785845589,5840,6,0,264,16220
1785845890,5840,6,0,264,16520
1785846190,5840,6,0,264,16820
1785846490,5840,6,0,264,17121
1785846791,5840,6,0,264,17421
1785847091,5841,6,0,264,0
1785847391,5841,6,0,264,300
1785847692,5841,6,0,264,600
1785847992,5841,6,0,264,901
1785848293,5841,6,0,264,1201
1785848593,5841,6,0,264,1501
1785848893,5841,6,0,264,1802
1785849194,5841,6,0,264,2102
1785849494,5841,6,0,264,2402
1785849794,5841,6,0,264,2703
1785850095,5841,6,0,264,3003
1785850395,5841,6,0,264,3304
1785850696,5841,6,0,264,3604
1785850996,5841,6,0,264,3904
1785851296,5841,6,0,264,4205
1785851597,5841,6,0,264,4505
1785851897,5841,6,0,264,4805
1785852197,5841,6,0,264,5106
1785852498,5841,6,0,264,5406
1785852798,5841,6,0,264,5706
1785853098,5841,6,0,264,6007
1785853399,5841,6,0,264,6307
1785853699,5841,6,0,264,6608
1785854000,5841,6,0,264,6908
1785854300,5841,6,0,264,7208
1785854600,5841,6,0,264,7509
1785854901,5841,6,0,264,7809
1785855201,5841,6,0,264,8109
1785855501,5841,6,0,264,8410
1785855802,5841,6,0,264,8710
1785856102,5841,6,0,264,9010
1785856402,5841,6,0,264,9311
1785856702,5841,6,0,264,9611
1785857003,5841,6,0,264,9911
1785857303,5841,6,0,264,10212
1785857603,5841,6,0,264,10512
1785857904,5841,6,0,264,10812
1785858204,5841,6,0,264,11113
1785858505,5841,6,0,264,11413
1785858805,5841,6,0,264,11713
1785859105,5842,6,0,264,0
1785859406,5842,6,0,264,300
1785859706,5842,6,0,264,600
1785860006,5842,6,0,264,900
1785860307,5842,6,0,264,1201
1785860607,5842,6,0,264,1501
1785860908,5842,6,0,264,1802
1785861208,5842,6,0,264,2102
1785861508,5842,6,0,264,2402
1785861809,5842,6,0,264,2703
1785862109,5842,6,0,264,3003
1785862409,5842,6,0,264,3304
1785862710,5842,6,0,264,3604
1785863010,5842,6,0,264,3904
1785863310,5842,6,0,264,4205
1785863611,5842,6,0,264,4505
1785863911,5842,6,0,264,4805
1785864212,5842,6,0,264,5106
1785864512,5842,6,0,264,5406
1785864812,5842,6,0,264,5707
1785865113,5842,6,0,264,6007
1785865413,5842,6,0,264,6307
1785865713,5842,6,0,264,6607
1785866013,5842,6,0,264,6908
1785866314,5842,6,0,264,7208
1785866614,5842,6,0,264,7508
1785866914,5842,6,0,264,7809
1785867215,5842,6,0,264,8109
1785867515,5842,6,0,264,8409
1785867815,5842,6,0,264,8709
1785868116,5842,6,0,264,9010
1785868416,5842,6,0,264,9310
1785868716,5842,6,0,264,9611
1785869017,5842,6,0,264,9911
1785869317,5842,6,0,264,10211
1785869617,5842,6,0,264,10512
1785869918,5842,6,0,264,10812
1785870218,5842,6,0,264,11112
1785870518,5842,6,0,264,11413
1785870819,5842,6,0,264,11713
1785871119,5842,6,0,264,12013
1785871419,5842,6,0,264,12313
1785871720,5842,6,0,264,12614
1785872020,5842,6,0,264,12914
1785872320,5842,6,0,264,13214
1785872620,5842,6,0,264,13515
1785872921,5842,6,0,264,13815
1785873221,5842,6,0,264,14115
1785873521,5842,6,0,264,14415
1785873822,5842,6,0,264,14716
1785874122,5842,6,0,264,15016
1785874422,5842,6,0,264,15316
1785874722,5842,6,0,264,15617
1785875023,5842,6,0,264,15917
1785875323,5842,6,0,264,16217
1785875623,5842,6,0,264,16518
1785875924,5842,6,0,264,16818
1785876224,5842,6,0,264,17118
1785876524,5842,6,0,264,17419
1785876825,5842,6,0,264,17719
1785877125,5842,6,0,265,18019
1785877425,5842,6,0,265,18320
1785877726,5842,6,0,265,18620
1785878026,5842,6,0,265,18920
1785878326,5842,6,0,265,19221
1785878627,5842,6,0,265,19521
1785878927,5842,6,0,265,19821
1785879227,5842,6,0,265,20122
1785879528,5842,6,0,265,20422
1785879828,5842,6,0,265,20722
1785880128,5842,6,0,265,21023
1785880429,5842,6,0,265,21323
1785880729,5842,6,0,265,21623
1785881030,5842,6,0,265,21924
1785881330,5842,6,0,265,22224
1785881630,5842,6,0,265,22524
1785881931,5842,6,0,265,22825
1785882231,5842,6,0,265,23125
1785882531,5842,6,0,265,23425
1785882831,5842,6,0,265,23726
1785883132,5842,6,0,265,24026
1785883432,5842,6,0,265,24326
1785883732,5842,6,0,265,24626
1785884033,5842,6,0,265,24927
1785884333,5842,6,0,265,25227
1785884633,5842,6,0,265,25527
1785884934,5842,6,0,265,25828
1785885234,5842,6,0,265,26128
1785885534,5842,6,0,265,26428
1785885834,5842,6,0,265,26729
1785886135,5842,6,0,265,27029
1785886435,5842,6,0,265,27329
1785886736,5842,6,0,265,27630
1785887036,5842,6,0,265,27930
1785887337,5842,6,0,266,28231
1785887639,5842,6,0,266,28533
1785887939,5842,6,0,266,28833
1785888240,5842,6,0,266,29134
1785888541,5842,6,0,266,29435
1785888841,5842,6,0,266,29735
1785889141,5842,6,0,267,30035
1785889442,5842,6,0,267,30336
1785889742,5842,6,0,267,30636
1785890043,5842,6,0,267,30937
1785890343,5842,6,0,267,31237
1785890643,5842,6,0,267,31537
1785890944,5842,6,0,267,31838
1785891244,5842,6,0,267,32138
1785891545,5842,6,0,267,32439
1785891845,5842,6,0,267,32739
1785892145,5842,6,0,267,33039
1785892446,5842,6,0,267,33340
1785892746,5842,6,0,267,33640
1785893046,5842,6,0,267,33940
1785893347,5842,6,0,267,34241
1785893647,5842,6,0,267,34541
1785893948,5842,6,0,267,34842
1785894248,5842,6,0,267,35142
1785894548,5842,6,0,267,35442
1785894849,5842,6,0,267,35743
1785895149,5842,6,0,267,36043
1785895449,5842,6,0,267,36344
1785895750,5842,6,0,267,36644
1785896050,5842,6,0,267,36944
1785896350,5842,6,0,267,37245
1785896651,5842,6,0,267,37545
1785896952,5842,6,0,267,37846
1785897253,5842,6,0,267,38147
1785897553,5842,6,0,267,38447
1785897853,5842,6,0,267,38748
1785898154,5842,6,0,267,39048
1785898454,5842,6,0,267,39348
1785898755,5842,6,0,267,39649
1785899055,5842,6,0,267,39949
1785899355,5842,6,0,267,40249
1785899656,5842,6,0,267,40550
1785899956,5842,6,0,267,40850
1785900256,5842,6,0,267,41151
1785900557,5842,6,0,267,41451
1785900857,5842,6,0,267,41751
1785901158,5842,6,0,267,42052
1785901458,5842,6,0,267,42352
1785901758,5842,6,0,267,42652
1785902059,5842,6,0,267,42953
1785902359,5842,6,0,267,43253
1785902659,5842,6,0,267,43554
1785902960,5842,6,0,267,43854
1785903260,5842,6,0,267,44154
1785903561,5842,6,0,267,44455
1785903861,5842,6,0,267,44755
1785904161,5842,6,0,267,45055
1785904462,5842,6,0,267,45356
1785904762,5842,6,0,267,45657
1785905063,5842,6,0,267,45957
1785905363,5842,6,0,267,46257
1785905664,5842,6,0,267,46558
1785905964,5842,6,0,267,46858
1785906265,5842,6,0,267,47159
1785906565,5842,6,0,267,47459
1785906865,5842,6,0,267,47759
1785907166,5842,6,0,267,48060
1785907466,5842,6,0,267,48360
1785907767,5842,6,0,267,48661
1785908067,5842,6,0,267,48961
1785908367,5842,6,0,267,49261
1785908668,5842,6,0,267,49562
1785908968,5842,6,0,267,49862
1785909268,5842,6,0,267,50162
1785909569,5842,6,0,267,50463
1785909869,5842,6,0,267,50763
1785910169,5842,6,0,267,51063
1785910469,5842,6,0,267,51364
1785910770,5842,6,0,267,51664
1785911070,5842,6,0,267,51964
1785911370,5842,6,0,267,52265
1785911671,5842,6,0,267,52565
1785911971,5842,6,0,267,52865
1785912272,5842,6,0,267,53166
1785912572,5842,6,0,267,53466
1785912873,5842,6,0,267,53767
1785913173,5842,6,0,267,54067
1785913473,5842,6,0,267,54367
1785913774,5842,6,0,267,54668
1785914074,5842,6,0,267,54968
1785914374,5842,6,0,267,55268
1785914674,5842,6,0,267,55569
1785914975,5842,6,0,267,55869
1785915275,5842,6,0,267,56169
1785915575,5842,6,0,267,56470
1785915876,5842,6,0,267,56770
1785916176,5842,6,0,267,57070
1785916476,5842,6,0,267,57370
1785916777,5842,6,0,267,57671
1785917077,5842,6,0,267,57971
1785917377,5842,6,0,267,58271
1785917678,5842,6,0,267,58572
1785917978,5842,6,0,267,58872
1785918278,5842,6,0,267,59172
1785918579,5842,6,0,267,59473
1785918879,5842,6,0,267,59773
1785919179,5842,6,0,267,60073
1785919480,5842,6,0,267,60374
1785919780,5842,6,0,267,60674
1785920081,5842,6,0,267,60975
1785920381,5842,6,0,267,61275
1785920681,5842,6,0,267,61576
1785920982,5842,6,0,267,61876
1785921283,5842,6,0,267,62177
1785921583,5842,6,0,267,62477
1785921883,5842,6,0,267,62778
1785922184,5842,6,0,267,63078
1785922484,5842,6,0,267,63378
1785922785,5842,6,0,267,63679
1785923085,5842,6,0,268,63979
1785923386,5842,6,0,268,64280
1785923686,5842,6,0,268,64580
1785923987,5842,6,0,268,64881
1785924287,5842,6,0,268,65182
1785924588,5842,6,0,268,65482
1785924888,5842,6,0,268,65782
1785925191,5842,6,0,269,66085
1785925492,5842,6,0,269,66386
1785925792,5842,6,0,269,66686
1785926093,5842,6,0,269,66987
1785926394,5842,6,0,269,67288
1785926695,5842,6,0,269,67589
1785926996,5842,6,0,269,67890
1785927296,5842,6,0,269,68190
1785927599,5842,6,0,269,68493
1785927900,5842,6,0,269,68794
1785928200,5842,6,0,269,69094
1785928501,5842,6,0,269,69395
1785928801,5842,6,0,269,69695
1785929102,5842,6,0,269,69996
1785929402,5842,6,0,270,70296
1785929703,5842,6,0,270,70597
1785930003,5842,6,0,270,70897
1785930304,5842,6,0,270,71198
1785930604,5842,6,0,270,71498
1785930904,5842,6,0,270,71799
1785931205,5842,6,0,270,72099
1785931505,5842,6,0,270,72399
1785931806,5842,6,0,270,72700
1785932106,5842,6,0,270,73000
1785932406,5842,6,0,270,73301
1785932707,5842,6,0,270,73601
1785933007,5842,6,0,270,73901
1785933308,5842,6,0,270,74202
1785933608,5842,6,0,270,74502
1785933908,5842,6,0,270,74802
1785934209,5842,6,0,270,75103
1785934509,5842,6,0,270,75403
1785934810,5842,6,0,270,75704
1785935110,5842,6,0,270,76004
1785935410,5842,6,0,270,76304
1785935711,5842,6,0,270,76605
1785936011,5842,6,0,270,76905
1785936312,5842,6,0,270,77206
1785936612,5842,6,0,270,77506
1785936912,5842,6,0,270,77806
1785937213,5842,6,0,270,78107
1785937513,5842,6,0,270,78407
1785937814,5842,6,0,270,78708
1785938114,5842,6,0,270,79008
1785938414,5842,6,0,270,79308
1785938715,5842,6,0,270,79609
1785939015,5842,6,0,270,79909
1785939315,5842,6,0,270,80209
1785939615,5842,6,0,270,80510
1785939916,5842,6,0,270,80810
1785940216,5842,6,0,270,81110
1785940516,5842,6,0,270,81411
1785940817,5842,6,0,270,81711
1785941117,5842,6,0,270,82011
1785941418,5842,6,0,270,82312
1785941718,5842,6,0,270,82612
1785942018,5842,6,0,270,82912
1785942318,5842,6,0,270,83213
1785942619,5842,6,0,270,83513
1785942919,5842,6,0,270,83813
1785943220,5842,6,0,270,84114
1785943520,5842,6,0,270,84414
1785943820,5842,6,0,270,84714
1785944121,5842,6,0,270,85015
1785944421,5842,6,0,270,85315
1785944721,5842,6,0,270,85616
1785945022,5842,6,0,270,85916
1785945322,5842,6,0,270,86216
1785945623,5842,6,0,270,86517
1785945923,5842,6,0,270,86817
1785946223,5842,6,0,270,87118
1785946524,5842,6,0,270,87418
1785946824,5842,6,0,270,87718
1785947125,5842,6,0,270,88019
1785947425,5842,6,0,270,88319
1785947725,5842,6,0,270,88619
1785948026,5842,6,0,270,88920
1785948326,5842,6,0,270,89220
1785948627,5842,6,0,270,89521
1785948927,5842,6,0,270,89821
1785949227,5842,6,0,270,90121
1785949528,5842,6,0,270,90422
1785949828,5842,6,0,270,90722
1785950129,5842,6,0,270,91023
1785950429,5842,6,0,270,91323
1785950730,5842,6,0,270,91624
1785951030,5842,6,0,270,91924
1785951331,5842,6,0,270,92225
1785951631,5842,6,0,270,92525
1785951931,5842,6,0,270,92825
1785952232,5842,6,0,271,93126
1785952532,5842,6,0,271,93426
1785952832,5842,6,0,271,93726
1785953133,5842,6,0,271,94027
1785953433,5842,6,0,271,94327
1785953733,5843,6,0,271,0
1785954034,5843,6,0,271,300
1785954334,5843,6,0,271,600
1785954635,5843,6,0,271,901
1785954935,5843,6,0,271,1201
1785955235,5843,6,0,271,1501
1785955536,5843,6,0,271,1802
1785955836,5843,6,0,271,2102
1785956137,5843,6,0,271,2403
1785956437,5843,6,0,271,2703
1785956738,5843,6,0,271,3004
1785957038,5843,6,0,271,3304
1785957339,5843,6,0,271,3605
1785957639,5843,6,0,271,3905
1785957939,5843,6,0,271,4205
1785958240,5843,6,0,271,4506
1785958540,5843,6,0,271,4806
1785958840,5843,6,0,271,5107
1785959141,5843,6,0,271,5407
1785959441,5843,6,0,271,5707
1785959742,5843,6,0,271,6008
1785960042,5843,6,0,271,6308
1785960342,5843,6,0,271,6609
1785960643,5843,6,0,271,6909
1785960943,5843,6,0,271,7209
1785961244,5843,6,0,271,7510
1785961544,5844,6,0,271,0
1785961845,5844,6,0,271,300
1785962145,5844,6,0,271,601
1785962445,5844,6,0,271,901
1785962746,5844,6,0,271,1201
1785963046,5844,6,0,271,1502
1785963347,5844,6,0,271,1802
1785963647,5844,6,0,271,2102
1785963947,5844,6,0,271,2403
1785964248,5844,6,0,271,2703
1785964548,5844,6,0,271,3004
1785964849,5844,6,0,271,3304
1785965149,5844,6,0,271,3604
1785965449,5844,6,0,271,3905
1785965750,5844,6,0,271,4205
1785966050,5844,6,0,271,4506
1785966351,5844,6,0,271,4806
1785966651,5844,6,0,271,5107
1785966951,5844,6,0,271,5407
1785967252,5844,6,0,271,5707
1785967552,5844,6,0,271,6008
1785967853,5844,6,0,271,6308
1785968153,5844,6,0,271,6609
1785968453,5844,6,0,271,6909
1785968754,5844,6,0,271,7209
1785969054,5844,6,0,271,7510
1785969355,5844,6,0,271,7810
1785969655,5844,6,0,271,8110
1785969955,5844,6,0,271,8411
1785970256,5844,6,0,271,8711
1785970556,5844,6,0,271,9012
1785970857,5844,6,0,271,9312
1785971157,5844,6,0,271,9612
1785971457,5844,6,0,271,9913
1785971758,5844,6,0,271,10213
1785972058,5844,6,0,271,10514
1785972359,5844,6,0,271,10814
1785972660,5844,6,0,271,11115
1785972960,5844,6,0,271,11416
1785973261,5844,6,0,271,11716
1785973561,5844,6,0,271,12017
1785973862,5844,6,0,271,12317
1785974162,5844,6,0,271,12617
1785974463,5844,6,0,271,12918
1785974763,5844,6,0,271,13218
1785975063,5844,6,0,271,13519
1785975364,5844,6,0,271,13819
1785975664,5844,6,0,271,14120
1785975965,5844,6,0,271,14420
1785976265,5844,6,0,271,14721
1785976565,5844,6,0,271,15021
1785976866,5844,6,0,271,15321
1785977166,5844,6,0,271,15622
1785977467,5844,6,0,271,15922
1785977767,5844,6,0,271,16223
1785978068,5844,6,0,271,16523
1785978368,5844,6,0,271,16824
1785978669,5844,6,0,271,17124
1785978969,5844,6,0,271,17425
1785979270,5844,6,0,271,17725
1785979570,5844,6,0,271,18026
1785979870,5844,6,0,271,18326
1785980171,5844,6,0,271,18626
1785980472,5844,6,0,271,18927
1785980772,5844,6,0,271,19227
1785981072,5844,6,0,271,19528
1785981373,5844,6,0,271,19829
1785981674,5844,6,0,271,20129
1785981974,5844,6,0,271,20430
1785982275,5844,6,0,271,20730
1785982575,5844,6,0,271,21031
1785982876,5844,6,0,271,21331
1785983176,5844,6,0,271,21632
1785983477,5844,6,0,271,21933
1785983778,5844,6,0,271,22233
1785984079,5844,6,0,271,22534
1785984379,5844,6,0,271,22834
1785984679,5844,6,0,271,23135
1785984980,5844,6,0,271,23435
1785985280,5844,6,0,271,23736
1785985581,5844,6,0,271,24036
1785985881,5844,6,0,271,24337
1785986181,5844,6,0,271,24637
1785986482,5844,6,0,271,24937
1785986782,5844,6,0,271,25238
1785987083,5844,6,0,271,25538
1785987383,5844,6,0,271,25839
1785987684,5844,6,0,271,26139
1785987984,5844,6,0,271,26440
1785988285,5844,6,0,271,26741
1785988586,5844,6,0,271,27041
1785988886,5844,6,0,271,27342
1785989187,5844,6,0,271,27642
1785989487,5844,6,0,271,27942
1785989787,5844,6,0,271,28243
1785990087,5844,6,0,271,28543
1785990388,5844,6,0,271,28843
1785990688,5844,6,0,271,29144
1785990989,5844,6,0,271,29444
1785991289,5844,6,0,271,29745
1785991589,5844,6,0,271,30045
1785991890,5844,6,0,271,30345
1785992190,5844,6,0,271,30646
1785992491,5844,6,0,271,30946
1785992791,5844,6,0,271,31246
1785993091,5848,6,0,271,0
1785993392,5849,6,0,271,0
1785993692,5849,6,0,271,300
1785993992,5849,6,0,271,600
1785994292,5849,6,0,271,900
1785994593,5849,6,0,271,1201
1785994893,5849,6,0,271,1501
1785995193,5849,6,0,271,1801
1785995494,5849,6,0,271,2102
1785995794,5849,6,0,271,2402
1785996094,5849,6,0,271,2702
1785996395,5850,6,0,271,0
1785996695,5850,6,0,271,300
1785996996,5850,6,0,271,600
1785997296,5850,6,0,271,901
1785997596,5850,6,0,271,1201
1785997897,5850,6,0,271,1501
1785998197,5850,6,0,271,1802
1785998498,5850,6,0,271,2102
1785998798,5851,6,0,271,0
1785999100,5851,6,0,271,301
1785999400,5851,6,0,271,601
1785999701,5851,6,0,271,902
1786000001,5851,6,0,271,1202
1786000301,5851,6,0,271,1503
1786000602,5851,6,0,271,1803
1786000902,5851,6,0,271,2103
1786001203,5851,6,0,271,2404
1786001506,5851,6,0,271,2707
1786001807,5851,6,0,271,3009
1786002108,5851,6,0,271,3309
1786002409,5851,6,0,271,3610
1786002710,5851,6,0,271,3911
1786003010,5851,6,0,271,4212
1786003311,5851,6,0,271,4512
1786003611,5851,6,0,271,4813
1786003912,5851,6,0,271,5113
1786004212,5851,6,0,271,5413
1786004512,5851,6,0,271,5714
1786004813,5851,6,0,271,6014
1786005113,5851,6,0,271,6315
1786005414,5851,6,0,271,6616
1786005716,5851,6,0,271,6917
1786006016,5851,6,0,271,7217
1786006317,5851,6,0,271,7518
1786006617,5851,6,0,271,7819
1786006918,5851,6,0,271,8119
1786007218,5851,6,0,271,8420
1786007519,5851,6,0,271,8720
1786007820,5851,6,0,271,9021
1786008120,5851,6,0,273,9321
1786008420,5851,6,0,273,9622
1786008721,5851,6,0,273,9922
1786009021,5851,6,0,273,10222
1786009322,5851,6,0,273,10523
1786009622,5851,6,0,273,10823
1786009923,5851,6,0,273,11124
1786010223,5851,6,0,273,11425
1786010523,5851,6,0,273,11725
1786010824,5851,6,0,273,12025
1786011124,5851,6,0,273,12325
1786011425,5851,6,0,273,12626
1786011725,5851,6,0,273,12926
1786012025,5851,6,0,273,13227
1786012325,5851,6,0,273,13527
1786012626,5851,6,0,273,13827
1786012926,5851,6,0,273,14128
1786013227,5851,6,0,273,14428
1786013527,5851,6,0,273,14728
1786013828,5851,6,0,273,15029
1786014128,5851,6,0,273,15329
1786014428,5851,6,0,273,15630
1786014729,5851,6,0,273,15930
1786015029,5851,6,0,273,16230
1786015329,5851,6,0,273,16531
1786015630,5851,6,0,273,16831
1786015930,5851,6,0,273,17131
1786016230,5851,6,0,273,17432
1786016531,5851,6,0,273,17732
1786016831,5851,6,0,273,18032
1786017131,5852,6,0,273,0
1786017431,5852,6,0,273,300
1786017732,5853,6,0,273,0
1786018032,5853,6,0,273,300
1786018332,5853,6,0,273,600
1786018633,5853,6,0,273,900
1786018933,5853,6,0,273,1201
1786019234,5853,6,0,273,1501
1786019534,5853,6,0,273,1802
1786019835,5853,6,0,273,2102
1786020135,5853,6,0,273,2403
1786020435,5853,6,0,273,2703
1786020736,5853,6,0,273,3003
1786021036,5853,6,0,273,3304
1786021336,5854,6,0,273,0
1786021637,5854,6,0,273,300
1786021937,5854,6,0,273,600
1786022238,5854,6,0,273,901
1786022538,5854,6,0,273,1201
1786022839,5854,6,0,273,1502
1786023139,5854,6,0,273,1802
1786023439,5854,6,0,273,2102
1786023740,5854,6,0,273,2403
1786024040,5854,6,0,273,2703
1786024340,5854,6,0,273,3004
1786024641,5854,6,0,273,3304
1786024941,5854,6,0,273,3604
1786025242,5854,6,0,273,3905
1786025542,5854,6,0,273,4205
1786025843,5854,6,0,273,4506
1786026143,5854,6,0,273,4806
1786026443,5854,6,0,273,5106
1786026744,5854,6,0,273,5407
1786027044,5854,6,0,273,5707
1786027345,5854,6,0,273,6008
1786027645,5854,6,0,273,6308
1786027946,5854,6,0,273,6609
1786028246,5854,6,0,273,6909
1786028547,5854,6,0,273,7210
1786028847,5854,6,0,273,7510
1786029147,5854,6,0,273,7810
1786029448,5854,6,0,273,8111
1786029748,5854,6,0,273,8411
1786030048,5854,6,0,273,8711
1786030349,5854,6,0,273,9012
1786030649,5854,6,0,273,9312
1786030949,5854,6,0,273,9613
1786031250,5854,6,0,273,9913
1786031550,5854,6,0,273,10213
1786031851,5854,6,0,273,10514
1786032151,5854,6,0,273,10814
1786032452,5854,6,0,273,11115
1786032752,5854,6,0,273,11415
1786033052,5854,6,0,273,11716
1786033353,5854,6,0,274,12016
1786033653,5854,6,0,274,12316
1786033954,5854,6,0,274,12617
1786034255,5854,6,0,275,12918
1786034555,5854,6,0,275,13218
1786034855,5854,6,0,275,13519
1786035156,5854,6,0,275,13819
1786035456,5854,6,0,275,14119
1786035757,5854,6,0,275,14420
1786036057,5854,6,0,275,14720
1786036358,5854,6,0,275,15021
1786036658,5854,6,0,275,15321
1786036958,5854,6,0,275,15621
1786037259,5854,6,0,275,15922
1786037559,5854,6,0,275,16222
1786037860,5854,6,0,275,16523
1786038160,5854,6,0,275,16823
1786038461,5854,6,0,275,17124
1786038761,5854,6,0,275,17424
1786039061,5854,6,0,275,17724
1786039362,5854,6,0,275,18025
1786039662,5854,6,0,275,18325
1786039962,5854,6,0,275,18625
1786040263,5854,6,0,275,18926
1786040563,5854,6,0,275,19226
1786040863,5854,6,0,275,19526
1786041164,5854,6,0,275,19827
1786041464,5854,6,0,275,20127
1786041764,5854,6,0,275,20427
1786042065,5854,6,0,275,20728
1786042365,5854,6,0,275,21028
1786042665,5854,6,0,275,21328
1786042966,5854,6,0,275,21629
1786043266,5854,6,0,275,21929
1786043566,5854,6,0,275,22229
1786043867,5854,6,0,275,22530
1786044167,5854,6,0,275,22830
1786044468,5854,6,0,275,23131
1786044768,5854,6,0,275,23431
1786045068,5854,6,0,275,23731
1786045369,5854,6,0,275,24032
1786045669,5854,6,0,275,24332
1786045969,5854,6,0,275,24632
1786046270,5854,6,0,275,24933
1786046570,5854,6,0,275,25233
1786046870,5854,6,0,275,25534
1786047171,5854,6,0,275,25834
1786047471,5854,6,0,275,26134
1786047771,5854,6,0,275,26435
1786048072,5854,6,0,275,26735
1786048372,5854,6,0,275,27035
1786048673,5854,6,0,275,27336
1786048974,5854,6,0,275,27637
1786049274,5854,6,0,275,27937
1786049575,5854,6,0,275,28238
1786049875,5854,6,0,275,28538
1786050176,5854,6,0,275,28839
1786050476,5854,6,0,275,29140
1786050777,5854,6,0,275,29440
1786051077,5854,6,0,275,29740
1786051378,5854,6,0,275,30041
1786051678,5854,6,0,275,30342
1786051979,5854,6,0,275,30642
1786052279,5854,6,0,275,30942
1786052580,5854,6,0,275,31243
1786052880,5854,6,0,275,31543
1786053181,5854,6,0,275,31844
1786053481,5854,6,0,275,32145
1786053782,5854,6,0,275,32445
1786054082,5854,6,0,275,32745
1786054383,5854,6,0,275,33046
1786054683,5854,6,0,275,33346
1786054983,5854,6,0,275,33647
1786055284,5854,6,0,275,33947
1786055584,5854,6,0,275,34247
1786055885,5854,6,0,275,34548
1786056186,5854,6,0,275,34849
1786056486,5854,6,0,275,35149
1786056787,5854,6,0,275,35450
1786057087,5854,6,0,275,35750
1786057387,5854,6,0,275,36050
1786057688,5854,6,0,275,36351
1786057988,5854,6,0,275,36651
1786058288,5854,6,0,275,36952
1786058589,5854,6,0,275,37252
1786058889,5854,6,0,275,37552
1786059189,5854,6,0,275,37853
1786059490,5854,6,0,275,38153
1786059790,5854,6,0,275,38454
1786060091,5854,6,0,275,38754
1786060392,5854,6,0,275,39055
1786060692,5854,6,0,275,39355
1786060993,5854,6,0,275,39656
1786061293,5854,6,0,275,39956
1786061594,5854,6,0,275,40257
1786061894,5854,6,0,275,40557
1786062195,5854,6,0,275,40858
1786062495,5854,6,0,275,41159
1786062796,5854,6,0,275,41459
1786063097,5854,6,0,275,41760
1786063397,5854,6,0,276,42060
1786063698,5854,6,0,276,42361
1786063998,5854,6,0,276,42661
1786064298,5854,6,0,276,42961
1786064599,5854,6,0,276,43262
1786064899,5854,6,0,276,43562
1786065199,5854,6,0,276,43863
1786065500,5854,6,0,276,44163
1786065801,5854,6,0,276,44464
1786066101,5854,6,0,276,44765
1786066402,5854,6,0,276,45065
1786066703,5854,6,0,276,45366
1786067003,5854,6,0,276,45666
1786067304,5854,6,0,277,45967
1786067604,5854,6,0,277,46267
1786067905,5854,6,0,277,46568
1786068205,5854,6,0,277,46868
1786068506,5854,6,0,277,47169
1786068806,5854,6,0,277,47469
1786069107,5854,6,0,277,47770
1786069407,5854,6,0,277,48071
1786069708,5854,6,0,277,48371
1786070008,5854,6,0,277,48672
1786070309,5854,6,0,277,48972
1786070610,5854,6,0,277,49273
1786070910,5854,6,0,277,49573
1786071211,5854,6,0,277,49874
1786071512,5854,6,0,277,50175
1786071812,5854,6,0,277,50475
1786072113,5854,6,0,277,50776
1786072414,5854,6,0,277,51077
1786072714,5854,6,0,277,51377
1786073015,5854,6,0,277,51678
1786073315,5854,6,0,277,51979
1786073616,5854,6,0,277,52279
1786073916,5854,6,0,277,52579
1786074217,5854,6,0,277,52881
1786074518,5854,6,0,277,53181
1786074819,5854,6,0,277,53482
1786075120,5854,6,0,277,53783
1786075420,5854,6,0,277,54083
1786075721,5854,6,0,277,54384
1786076021,5855,6,0,277,0
1786076322,5855,6,0,277,300
1786076622,5855,6,0,277,600
1786076922,5855,6,0,277,901
1786077223,5855,6,0,277,1201
1786077523,5855,6,0,277,1501
1786077823,5855,6,0,277,1802
1786078124,5855,6,0,277,2102
1786078424,5855,6,0,277,2402
1786078725,5855,6,0,277,2703
1786079025,5855,6,0,277,3003
1786079325,5855,6,0,277,3304
1786079626,5855,6,0,277,3604
1786079927,5855,6,0,277,3905
1786080227,5855,6,0,277,4205
1786080527,5855,6,0,277,4506
1786080828,5855,6,0,277,4806
1786081128,5855,6,0,277,5106
1786081429,5855,6,0,277,5407
1786081729,5855,6,0,278,5708
1786082030,5855,6,0,278,6008
1786082330,5855,6,0,278,6309
1786082631,5855,6,0,278,6610
1786082932,5855,6,0,278,6910
1786083232,5855,6,0,278,7211
1786083533,5855,6,0,278,7511
1786083834,5855,6,0,278,7812
1786084134,5855,6,0,278,8113
1786084435,5855,6,0,278,8413
1786084735,5855,6,0,278,8714
1786085036,5855,6,0,278,9014
1786085337,5855,6,0,278,9315
1786085639,5855,6,0,278,9617
1786085939,5855,6,0,278,9918
1786086240,5855,6,0,278,10218
1786086540,5855,6,0,278,10518
1786086841,5855,6,0,278,10819
1786087141,5855,6,0,278,11120
1786087442,5855,6,0,278,11420
1786087742,5855,6,0,278,11721
1786088043,5855,6,0,278,12021
1786088343,5855,6,0,279,12321
1786088643,5855,6,0,279,12622
1786088944,5855,6,0,279,12922
1786089244,5855,6,0,279,13223
1786089545,5855,6,0,279,13523
1786089845,5855,6,0,279,13823
1786090145,5855,6,0,280,14124
1786090446,5855,6,0,280,14424
1786090746,5855,6,0,280,14725
1786091046,5855,6,0,280,15025
1786091347,5855,6,0,280,15325
1786091647,5855,6,0,280,15626
1786091948,5855,6,0,280,15926
1786092248,5855,6,0,280,16226
1786092549,5855,6,0,280,16527
1786092849,5855,6,0,280,16827
1786093149,5855,6,0,280,17128
1786093450,5855,6,0,280,17428
1786093750,5855,6,0,280,17728
1786094050,5855,6,0,280,18029
1786094351,5855,6,0,280,18329
1786094651,5855,6,0,280,18630
1786094952,5855,6,0,280,18930
1786095252,5855,6,0,280,19231
1786095553,5855,6,0,280,19531
1786095853,5855,6,0,280,19831
1786096153,5855,6,0,280,20132
1786096454,5855,6,0,280,20432
1786096754,5855,6,0,280,20733
1786097055,5855,6,0,280,21033
1786097355,5855,6,0,280,21333
1786097655,5855,6,0,280,21634
1786097956,5855,6,0,280,21934
1786098256,5855,6,0,280,22235
1786098557,5855,6,0,280,22535
1786098857,5855,6,0,280,22836
1786099158,5855,6,0,280,23136
1786099458,5855,6,0,280,23436
1786099759,5855,6,0,280,23737
1786100059,5855,6,0,280,24037
1786100359,5855,6,0,280,24338
1786100660,5855,6,0,280,24638
1786100960,5855,6,0,280,24938
1786101261,5855,6,0,280,25239
1786101561,5855,6,0,280,25539
1786101862,5855,6,0,280,25840
1786102162,5855,6,0,280,26140
1786102462,5855,6,0,280,26441
1786102766,5855,6,0,280,26744
1786103067,5855,6,0,280,27045
1786103368,5855,6,0,280,27346
1786103668,5855,6,0,280,27646
1786103968,5855,6,0,280,27947
1786104270,5855,6,0,280,28248
1786104571,5855,6,0,280,28549
1786104871,5855,6,0,280,28850
1786105172,5855,6,0,280,29150
1786105472,5855,6,0,280,29451
1786105773,5855,6,0,280,29751
1786106073,5855,6,0,280,30052
1786106374,5855,6,0,280,30352
1786106674,5855,6,0,280,30653
1786106975,5855,6,0,280,30953
1786107275,5855,6,0,280,31254
1786107576,5855,6,0,280,31554
1786107876,5855,6,0,280,31855
1786108177,5855,6,0,280,32155
1786108477,5855,6,0,280,32456
1786108778,5855,6,0,280,32756
1786109078,5855,6,0,280,33057
1786109379,5855,6,0,280,33357
1786109679,5855,6,0,280,33658
1786109980,5855,6,0,280,33958
1786110280,5855,6,0,280,34259
1786110581,5855,6,0,280,34559
1786110881,5855,6,0,280,34860
1786111182,5855,6,0,280,35160
1786111482,5855,6,0,280,35461
1786111783,5855,6,0,280,35761
1786112083,5855,6,0,280,36062
1786112384,5855,6,0,280,36362
1786112684,5855,6,0,280,36663
1786112985,5855,6,0,280,36963
1786113285,5855,6,0,280,37264
1786113586,5855,6,0,280,37564
1786113886,5855,6,0,280,37865
1786114187,5855,6,0,280,38165
1786114487,5855,6,0,280,38466
1786114789,5855,6,0,280,38767
1786115089,5855,6,0,280,39067
1786115391,5855,6,0,280,39369
1786115691,5855,6,0,280,39670
1786115992,5855,6,0,280,39970
1786116293,5855,6,0,280,40271
1786116593,5855,6,0,280,40572
1786116894,5855,6,0,280,40872
1786117194,5855,6,0,280,41173
1786117495,5856,6,0,280,0
1786117795,5856,6,0,280,300
1786118096,5856,6,0,280,600
1786118396,5856,6,0,280,901
1786118697,5856,6,0,280,1201
1786118997,5856,6,0,280,1502
1786119298,5856,6,0,280,1802
1786119598,5856,6,0,280,2103
1786119899,5856,6,0,280,2403
1786120199,5856,6,0,280,2704
1786120499,5856,6,0,280,3004
1786120800,5856,6,0,280,3304
1786121100,5856,6,0,280,3605
1786121400,5856,6,0,280,3905
1786121701,5856,6,0,280,4205
1786122001,5856,6,0,280,4506
1786122302,5856,6,0,280,4806
1786122602,5856,6,0,280,5107
1786122902,5856,6,0,280,5407
1786123203,5856,6,0,280,5707
1786123503,5856,6,0,280,6008
1786123804,5856,6,0,280,6308
1786124104,5856,6,0,280,6609
1786124405,5856,6,0,280,6909
1786124705,5857,6,0,280,0
1786125006,5857,6,0,280,300
1786125306,5857,6,0,280,600
1786125607,5857,6,0,280,901
1786125907,5857,6,0,280,1202
1786126208,5857,6,0,280,1502
1786126508,5857,6,0,280,1803
1786126809,5857,6,0,280,2103
1786127110,5857,6,0,280,2404
1786127410,5857,6,0,280,2704
1786127711,5857,6,0,280,3005
1786128011,5857,6,0,280,3306
1786128312,5857,6,0,280,3606
1786128613,5857,6,0,280,3907
1786128913,5857,6,0,280,4207
1786129214,5857,6,0,280,4508
1786129514,5857,6,0,280,4808
1786129815,5857,6,0,280,5109
1786130115,5857,6,0,280,5409
1786130416,5857,6,0,280,5710
1786130716,5857,6,0,280,6010
1786131017,5857,6,0,280,6311
1786131317,5857,6,0,280,6611
1786131617,5857,6,0,280,6912
1786131918,5857,6,0,280,7212
1786132218,5857,6,0,280,7513
1786132519,5857,6,0,280,7813
1786132820,5857,6,0,280,8114
1786133120,5857,6,0,280,8414
1786133421,5857,6,0,280,8715
1786133721,5857,6,0,280,9015
1786134022,5857,6,0,280,9316
1786134322,5857,6,0,280,9616
1786134623,5857,6,0,280,9918
1786134924,5857,6,0,280,10218
1786135224,5857,6,0,280,10519
1786135525,5857,6,0,280,10819
1786135825,5857,6,0,280,11120
1786136126,5857,6,0,280,11420
1786136427,5857,6,0,280,11721
1786136727,5857,6,0,280,12021
1786137027,5857,6,0,280,12322
1786137328,5857,6,0,280,12622
1786137628,5857,6,0,280,12922
1786137929,5857,6,0,280,13223
1786138229,5857,6,0,280,13524
1786138530,5857,6,0,280,13824
1786138830,5857,6,0,280,14125
1786139131,5857,6,0,280,14425
1786139431,5857,6,0,280,14726
1786139732,5857,6,0,280,15026
1786140032,5857,6,0,280,15327
1786140333,5857,6,0,280,15627
1786140633,5857,6,0,280,15928
1786140934,5857,6,0,280,16228
1786141234,5857,6,0,280,16529
1786141535,5857,6,0,280,16829
1786141836,5857,6,0,280,17130
1786142136,5857,6,0,280,17430
1786142437,5857,6,0,280,17731
1786142737,5857,6,0,280,18031
1786143038,5857,6,0,280,18333
1786143339,5857,6,0,280,18633
1786143639,5857,6,0,280,18934
1786143940,5857,6,0,280,19234
1786144241,5857,6,0,280,19536
1786144542,5857,6,0,280,19836
1786144843,5857,6,0,280,20137
1786145144,5857,6,0,280,20438
1786145444,5857,6,0,280,20739
1786145745,5857,6,0,280,21039
1786146046,5857,6,0,280,21340
1786146346,5857,6,0,280,21641
1786146647,5857,6,0,281,21941
1786146948,5857,6,0,281,22242
1786147252,5857,6,0,281,22546
1786147553,5857,6,0,281,22847
1786147853,5857,6,0,281,23147
1786148154,5857,6,0,281,23448
1786148455,5857,6,0,281,23749
1786148756,5857,6,0,281,24050
1786149056,5857,6,0,281,24350
1786149357,5857,6,0,281,24651
1786149658,5857,6,0,281,24952
1786149958,5857,6,0,281,25253
1786150263,5857,6,0,281,25557
1786150564,5857,6,0,281,25858
1786150865,5857,6,0,281,26159
1786151166,5857,6,0,281,26461
1786151468,5857,6,0,281,26762
1786151769,5857,6,0,281,27063
1786152069,5857,6,0,281,27363
1786152369,5857,6,0,281,27664
1786152670,5857,6,0,281,27964
1786152971,5857,6,0,281,28265
1786153272,5857,6,0,281,28566
1786153572,5857,6,0,281,28867
1786153873,5857,6,0,281,29167
1786154174,5857,6,0,281,29468
1786154474,5857,6,0,281,29769
1786154777,5857,6,0,281,30071
1786155077,5857,6,0,281,30372
1786155379,5857,6,0,281,30673
1786155679,5857,6,0,281,30973
1786155980,5857,6,0,282,31274
1786156280,5857,6,0,282,31574
1786156581,5857,6,0,282,31875
1786156882,5857,6,0,282,32176
1786157182,5857,6,0,282,32476
1786157483,5857,6,0,282,32777
1786157783,5858,6,0,282,0
1786158084,5858,6,0,282,300
1786158385,5858,6,0,282,601
1786158685,5858,6,0,282,901
1786158986,5858,6,0,282,1202
1786159287,5858,6,0,282,1503
1786159587,5858,6,0,282,1803
1786159888,5858,6,0,282,2104
1786160188,5858,6,0,282,2405
1786160489,5858,6,0,282,2705
1786160790,5858,6,0,282,3006
1786161090,5858,6,0,282,3307
1786161391,5858,6,0,282,3607
1786161691,5858,6,0,282,3908
1786161992,5858,6,0,282,4208
1786162292,5858,6,0,282,4509
1786162593,5858,6,0,282,4809
1786162894,5858,6,0,282,5110
1786163194,5858,6,0,282,5410
1786163495,5858,6,0,282,5711
1786163795,5858,6,0,282,6011
1786164096,5858,6,0,282,6312
1786164396,5858,6,0,282,6612
1786164697,5858,6,0,282,6913
1786164997,5858,6,0,282,7213
1786165298,5858,6,0,282,7514
1786165598,5858,6,0,282,7814
1786165899,5858,6,0,282,8115
1786166199,5858,6,0,282,8416
1786166500,5858,6,0,282,8717
1786166801,5858,6,0,282,9017
1786167102,5858,6,0,282,9318
1786167403,5858,6,0,282,9619
1786167703,5858,6,0,282,9920
1786168004,5858,6,0,282,10220
1786168305,5858,6,0,282,10521
1786168605,5858,6,0,282,10821
1786168906,5858,6,0,282,11122
1786169206,5858,6,0,282,11422
1786169507,5858,6,0,282,11723
1786169807,5858,6,0,282,12023
1786170108,5858,6,0,282,12324
1786170408,5858,6,0,282,12625
1786170712,5858,6,0,282,12928
1786171013,5858,6,0,282,13229
1786171314,5858,6,0,282,13530
1786171614,5858,6,0,282,13830
1786171914,5858,6,0,282,14131
1786172216,5858,6,0,282,14432
1786172516,5858,6,0,282,14732
1786172816,5858,6,0,282,15033
1786173117,5858,6,0,282,15333
1786173419,5858,6,0,282,15635
1786173720,5858,6,0,282,15936
1786174020,5858,6,0,282,16236
1786174320,5858,6,0,282,16537
1786174621,5858,6,0,282,16837
1786174922,5858,6,0,282,17138
1786175222,5858,6,0,282,17438
1786175522,5858,6,0,282,17739
1786175823,5858,6,0,282,18039
1786176123,5858,6,0,282,18339
1786176424,5858,6,0,282,18640
1786176724,5858,6,0,283,18940
1786177025,5858,6,0,283,19241
1786177325,5858,6,0,283,19541
1786177625,5858,6,0,283,19842
1786177926,5858,6,0,283,20142
1786178226,5858,6,0,283,20442
1786178527,5858,6,0,283,20743
1786178827,5858,6,0,283,21043
1786179128,5858,6,0,283,21344
1786179429,5858,6,0,283,21645
1786179729,5858,6,0,283,21945
1786180030,5858,6,0,283,22246
1786180330,5858,6,0,283,22547
1786180631,5858,6,0,283,22847
1786180932,5858,6,0,283,23148
1786181232,5858,6,0,283,23449
1786181533,5858,6,0,283,23749
1786181833,5858,6,0,283,24050
1786182134,5858,6,0,284,24350
1786182435,5858,6,0,284,24651
1786182742,5858,6,0,284,24958
1786183043,5858,6,0,284,25259
1786183343,5858,6,0,284,25560
1786183644,5858,6,0,284,25860
1786183946,5858,6,0,284,26162
1786184246,5858,6,0,284,26463
1786184548,5858,6,0,284,26764
1786184848,5858,6,0,284,27065
1786185149,5858,6,0,284,27365
1786185449,5858,6,0,284,27665
1786185750,5858,6,0,284,27966
1786186050,5858,6,0,284,28266
1786186351,5858,6,0,284,28567
1786186651,5858,6,0,284,28867
1786186951,5858,6,0,284,29168
1786187252,5858,6,0,284,29468
1786187552,5858,6,0,284,29769
1786187853,5858,6,0,284,30069
1786188153,5858,6,0,284,30369
1786188454,5858,6,0,284,30670
1786188754,5858,6,0,284,30971
1786189055,5858,6,0,285,31271
1786189355,5858,6,0,285,31571
1786189656,5858,6,0,285,31872
1786189956,5858,6,0,285,32172
1786190257,5858,6,0,285,32473
1786190557,5858,6,0,285,32773
1786190858,5858,6,0,285,33074
1786191158,5858,6,0,286,33374
1786191459,5858,6,0,286,33675
1786191759,5858,6,0,286,33975
1786192060,5858,6,0,286,34276
1786192360,5858,6,0,286,34576
1786192661,5858,6,0,286,34877
1786192961,5858,6,0,286,35177
1786193262,5858,6,0,286,35478
1786193562,5858,6,0,286,35779
1786193863,5858,6,0,286,36079
1786194163,5858,6,0,286,36380
1786194465,5858,6,0,286,36681
1786194765,5858,6,0,286,36982
1786195066,5858,6,0,286,37282
1786195367,5858,6,0,286,37583
1786195667,5858,6,0,286,37883
1786195968,5858,6,0,286,38184
1786196268,5858,6,0,286,38484
1786196569,5858,6,0,286,38785
1786196869,5858,6,0,286,39085
1786197170,5858,6,0,286,39386
1786197470,5858,6,0,286,39687
1786197771,5858,6,0,286,39987
1786198071,5858,6,0,286,40288
1786198372,5858,6,0,286,40588
1786198672,5858,6,0,286,40889
1786198973,5858,6,0,286,41189
1786199273,5858,6,0,286,41489
1786199574,5858,6,0,286,41790
1786199874,5858,6,0,286,42091
1786200175,5858,6,0,286,42391
1786200475,5858,6,0,286,42692
1786200776,5858,6,0,286,42992
1786201076,5858,6,0,286,43292
1786201377,5858,6,0,286,43593
1786201678,5858,6,0,286,43894
1786201980,5858,6,0,286,44196
1786202281,5858,6,0,286,44497
1786202581,5858,6,0,286,44797
1786202882,5858,6,0,286,45099
1786203183,5858,6,0,286,45399
1786203483,5858,6,0,286,45699
1786203784,5858,6,0,286,46000
1786204084,5858,6,0,286,46300
1786204385,5858,6,0,286,46601
1786204685,5858,6,0,286,46901
1786204985,5858,6,0,286,47202
1786205286,5858,6,0,286,47502
1786205586,5858,6,0,286,47802
1786205886,5858,6,0,286,48103
1786206187,5858,6,0,286,48403
1786206488,5858,6,0,286,48704
1786206788,5858,6,0,286,49004
1786207088,5858,6,0,286,49305
1786207389,5858,6,0,286,49605
1786207689,5858,6,0,286,49905
1786207990,5858,6,0,286,50206
1786208290,5858,6,0,286,50507
1786208591,5858,6,0,286,50807
1786208894,5858,6,0,286,51110
1786209195,5858,6,0,286,51411
1786209495,5858,6,0,286,51711
1786209796,5858,6,0,286,52012
1786210096,5858,6,0,286,52313
1786210397,5858,6,0,286,52613
1786210697,5858,6,0,286,52914
1786210998,5858,6,0,286,53214
1786211298,5858,6,0,287,53515
1786211599,5858,6,0,287,53815
1786211899,5858,6,0,287,54116
1786212200,5858,6,0,287,54416
1786212501,5858,6,0,287,54717
1786212801,5858,6,0,287,55017
1786213102,5858,6,0,288,55318
1786213402,5858,6,0,289,55618
1786213703,5858,6,0,289,55919
1786214003,5858,6,0,289,56219
1786214304,5858,6,0,289,56520
1786214604,5858,6,0,289,56820
1786214905,5858,6,0,289,57121
1786215205,5858,6,0,289,57421
1786215506,5858,6,0,289,57722
1786215806,5858,6,0,289,58022
1786216107,5858,6,0,289,58323
1786216407,5858,6,0,289,58623
1786216708,5858,6,0,289,58924
1786217008,5858,6,0,289,59225
1786217309,5858,6,0,289,59525
1786217610,5858,6,0,289,59826
1786217910,5858,6,0,289,60126
1786218211,5858,6,0,289,60427
1786218511,5858,6,0,289,60728
1786218812,5858,6,0,289,61028
1786219112,5858,6,0,289,61329
1786219413,5858,6,0,289,61629
1786219713,5858,6,0,289,61930
1786220014,5858,6,0,289,62230
1786220315,5858,6,0,289,62531
1786220615,5858,6,0,289,62831
1786220916,5858,6,0,289,63132
1786221216,5858,6,0,289,63433
1786221517,5858,6,0,289,63733
1786221818,5858,6,0,289,64034
1786222118,5858,6,0,289,64334
1786222419,5858,6,0,289,64635
1786222719,5858,6,0,289,64935
1786223020,5858,6,0,289,65236
1786223320,5858,6,0,289,65537
1786223621,5858,6,0,289,65837
1786223921,5859,6,0,289,0
1786224222,5859,6,0,289,300
1786224522,5859,6,0,289,600
1786224823,5859,6,0,289,901
1786225123,5859,6,0,289,1201
1786225424,5859,6,0,289,1502
1786225724,5859,6,0,289,1802
1786226025,5859,6,0,289,2103
1786226325,5859,6,0,289,2404
1786226626,5859,6,0,289,2704
1786226926,5859,6,0,289,3005
1786227227,5859,6,0,289,3306
1786227528,5859,6,0,290,3606
1786227829,5859,6,0,290,3907
1786228129,5859,6,0,290,4207
1786228430,5859,6,0,290,4508
1786228731,5859,6,0,290,4809
1786229032,5859,6,0,290,5110
1786229332,5859,6,0,290,5410
1786229633,5859,6,0,290,5711
1786229933,5859,6,0,290,6012
1786230234,5859,6,0,290,6312
1786230534,5859,6,0,290,6613
1786230835,5859,6,0,290,6913
1786231136,5859,6,0,290,7214
1786231436,5859,6,0,290,7514
1786231737,5859,6,0,290,7815
1786232037,5859,6,0,290,8115
1786232338,5859,6,0,290,8416
1786232638,5859,6,0,290,8716
1786232939,5859,6,0,290,9017
1786233239,5859,6,0,290,9317
1786233539,5859,6,0,290,9618
1786233840,5859,6,0,290,9918
1786234141,5859,6,0,290,10219
1786234441,5859,6,0,290,10519
1786234741,5859,6,0,290,10820
1786235042,5859,6,0,290,11120
1786235342,5859,6,0,290,11421
1786235643,5859,6,0,290,11721
1786235944,5859,6,0,290,12022
1786236244,5859,6,0,290,12322
1786236545,5859,6,0,290,12623
1786236845,5859,6,0,290,12923
1786237146,5859,6,0,290,13224
1786237446,5859,6,0,290,13525
1786237747,5859,6,0,290,13825
1786238048,5859,6,0,290,14126
1786238348,5859,6,0,290,14426
1786238649,5859,6,0,290,14727
1786238953,5859,6,0,290,15031
1786239254,5859,6,0,290,15332
1786239554,5859,6,0,290,15633
1786239855,5859,6,0,290,15933
1786240156,5859,6,0,290,16234
1786240456,5859,6,0,290,16534
1786240757,5859,6,0,290,16835
1786241058,5859,6,0,290,17136
1786241358,5859,6,0,290,17437
1786241659,5859,6,0,290,17737
1786241960,5859,6,0,290,18038
1786242260,5859,6,0,290,18339
1786242561,5859,6,0,290,18639
1786242862,5859,6,0,290,18940
1786243162,5859,6,0,290,19241
1786243463,5859,6,0,290,19541
1786243764,5859,6,0,290,19842
1786244065,5859,6,0,290,20144
1786244366,5859,6,0,290,20444
1786244667,5859,6,0,290,20745
1786244967,5859,6,0,290,21045
1786245268,5859,6,0,290,21346
1786245568,5859,6,0,290,21646
1786245869,5859,6,0,290,21947
1786246169,5859,6,0,290,22248
1786246470,5859,6,0,290,22548
1786246770,5859,6,0,290,22849
1786247071,5859,6,0,290,23149
1786247372,5859,6,0,290,23450
1786247672,5859,6,0,290,23750
1786247973,5859,6,0,290,24051
1786248273,5859,6,0,290,24351
1786248574,5859,6,0,290,24652
1786248875,5859,6,0,290,24953
1786249180,5859,6,0,290,25258
1786249481,5859,6,0,290,25559
1786249782,5859,6,0,290,25860
1786250082,5859,6,0,290,26161
1786250383,5859,6,0,290,26461
1786250683,5859,6,0,291,26762
1786250984,5859,6,0,291,27062
1786251285,5859,6,0,291,27363
1786251585,5859,6,0,291,27663
1786251886,5859,6,0,291,27964
1786252186,5859,6,0,291,28264
1786252487,5859,6,0,291,28565
1786252787,5859,6,0,291,28865
1786253088,5859,6,0,291,29166
1786253388,5859,6,0,291,29466
1786253690,5859,6,0,291,29768
1786253990,5859,6,0,291,30068
1786254291,5859,6,0,291,30369
1786254592,5859,6,0,291,30671
1786254894,5859,6,0,291,30972
1786255195,5859,6,0,291,31273
1786255508,5859,6,0,291,31586
1786255819,5859,6,0,291,31897
1786256127,5859,6,0,291,32205
1786256434,5859,6,0,291,32512
1786256740,5859,6,0,291,32819
1786257042,5859,6,0,291,33120
1786257343,5859,6,0,291,33421
1786257644,5859,6,0,291,33722
1786257945,5859,6,0,291,34023
1786258245,5859,6,0,292,34323
1786258548,5859,6,0,292,34626
1786258848,5859,6,0,292,34927
1786259150,5859,6,0,292,35228
1786259463,5859,6,0,292,35541
1786259772,5859,6,0,292,35850
1786260080,5859,6,0,292,36159
1786260389,5859,6,0,292,36468
1786260690,5859,6,0,292,36768
1786260993,5859,6,0,292,37071
1786261296,5859,6,0,292,37374
1786261596,5859,6,0,292,37674
1786261897,5859,6,0,292,37975
1786262198,5859,6,0,293,38276
1786262498,5859,6,0,293,38576
1786262799,5859,6,0,293,38877
1786263104,5859,6,0,293,39182
1786263404,5859,6,0,294,39482
1786263710,5859,6,0,294,39788
1786264011,5859,6,0,294,40089
1786264311,5859,6,0,294,40389
1786264612,5859,6,0,294,40690
1786264912,5859,6,0,294,40991
1786265213,5859,6,0,294,41291
1786265513,5859,6,0,294,41591
1786265814,5859,6,0,294,41892
1786266114,5859,6,0,294,42192
1786266415,5859,6,0,294,42493
1786266716,5859,6,0,294,42794
1786267016,5859,6,0,294,43095
1786267320,5859,6,0,294,43398
1786267621,5859,6,0,294,43699
1786267922,5859,6,0,294,44000
1786268223,5859,6,0,294,44301
1786268524,5859,6,0,294,44602
1786268824,5859,6,0,294,44902
1786269125,5859,6,0,294,45203
1786269426,5859,6,0,294,45504
1786269726,5859,6,0,294,45804
1786270027,5859,6,0,294,46105
1786270327,5859,6,0,294,46405
1786270628,5859,6,0,294,46706
1786270928,5859,6,0,294,47006
1786271229,5859,6,0,294,47307
1786271529,5859,6,0,294,47607
1786271830,5859,6,0,294,47908
1786272130,5859,6,0,294,48208
1786272431,5859,6,0,294,48509
1786272731,5859,6,0,294,48809
1786273032,5859,6,0,294,49110
1786273332,5859,6,0,294,49410
1786273635,5859,6,0,294,49714
1786273943,5859,6,0,294,50022
1786274248,5859,6,0,294,50326
1786274549,5859,6,0,294,50627
1786274850,5859,6,0,294,50928
1786275150,5859,6,0,294,51229
1786275451,5859,6,0,294,51529
1786275752,5859,6,0,294,51831
1786276061,5859,6,0,294,52139
1786276368,5859,6,0,294,52446
1786276668,5859,6,0,294,52746
1786276969,5859,6,0,294,53047
1786277276,5859,6,0,294,53354
1786277577,5859,6,0,294,53656
1786277879,5859,6,0,295,53957
1786278179,5859,6,0,295,54257
1786278480,5859,6,0,295,54558
1786278780,5859,6,0,295,54859
1786279081,5859,6,0,295,55159
1786279382,5859,6,0,295,55460
1786279699,5859,6,0,295,55777
1786280000,5859,6,0,295,56078
1786280301,5859,6,0,295,56379
1786280601,5859,6,0,295,56680
1786280903,5859,6,0,295,56981
1786320597,5859,6,0,295,96675
1786320898,5859,6,0,295,96976
1786321198,5859,6,0,295,97276
1786321499,5859,6,0,295,97577
1786321800,5859,6,0,295,97878
1786322100,5859,6,0,295,98178
1786322401,5859,6,0,295,98479
1786322702,5859,6,0,295,98780
1786323002,5859,6,0,295,99080
1786323303,5859,6,0,295,99381
1786323604,5859,6,0,295,99682
1786323905,5859,6,0,295,99983
1786324207,5859,6,0,295,100285
1786324514,5859,6,0,295,100592
1786324815,5859,6,0,295,100893
1786325118,5859,6,0,295,101197
1786325431,5859,6,0,295,101509
1786325732,5859,6,0,295,101810
1786326038,5859,6,0,295,102116
1786326341,5859,6,0,295,102419
1786326641,5859,6,0,295,102720
1786326942,5859,6,0,295,103020
1786327243,5859,6,0,295,103321
1786327544,5859,6,0,295,103622
1786327845,5859,6,0,295,103923
1786328146,5859,6,0,295,104224
1786328448,5859,6,0,295,104526
1786328748,5859,6,0,295,104827
1786329049,5859,6,0,295,105127
1786329350,5859,6,0,295,105428
1786329650,5859,6,0,295,105729
1786329951,5859,6,0,295,106029
1786330253,5859,6,0,295,106331
1786330553,5859,6,0,295,106631
1786330854,5859,6,0,295,106933
1786331155,5859,6,0,295,107233
1786331456,5859,6,0,295,107534
1786331757,5859,6,0,295,107835
1786332057,5859,6,0,295,108136
1786332358,5859,6,0,295,108436
1786332658,5859,6,0,295,108737
1786332959,5859,6,0,295,109037
1786333259,5859,6,0,295,109338
1786333560,5859,6,0,295,109638
1786333860,5859,6,0,295,109938
1786334160,5859,6,0,295,110239
1786334461,5859,6,0,295,110539
1786334762,5859,6,0,295,110840
1786335062,5859,6,0,295,111140
1786335362,5859,6,0,295,111440
1786335664,5859,6,0,295,111742
1786335964,5859,6,0,295,112042
1786336265,5859,6,0,295,112343
1786336565,5859,6,0,295,112644
1786336866,5859,6,0,295,112944
1786337166,5859,6,0,295,113244
1786337467,5859,6,0,295,113545
1786337768,5859,6,0,295,113846
1786338068,5859,6,0,295,114146
1786338368,5859,6,0,295,114447
1786338669,5859,6,0,295,114747
1786338969,5859,6,0,295,115048
1786339271,5859,6,0,295,115349
1786339571,5859,6,0,295,115650
1786339873,5859,6,0,295,115951
1786340177,5859,6,0,295,116255
1786340477,5859,6,0,295,116555
1786340778,5859,6,0,295,116857
1786341079,5859,6,0,295,117157
1786341381,5859,6,0,295,117459
1786341681,5859,6,0,295,117760
1786341982,5859,6,0,295,118060
1786342283,5859,6,0,295,118361
1786342583,5859,6,0,295,118661
1786342883,5859,6,0,295,118962
1786343184,5859,6,0,295,119262
1786343484,5859,6,0,295,119562
1786343785,5859,6,0,295,119863
1786344087,5859,6,0,295,120165
1786344388,5859,6,0,295,120467
1786344689,5859,6,0,295,120767
1786344989,5859,6,0,295,121068
1786345290,5859,6,0,295,121368
1786345590,5859,6,0,295,121668
1786345891,5859,6,0,295,121969
1786346191,5859,6,0,295,122269
1786346491,5859,6,0,295,122570
1786346792,5859,6,0,295,122870
1786347093,5859,6,0,295,123171
1786347393,5859,6,0,295,123471
1786347695,5859,6,0,295,123773
1786347995,5859,6,0,295,124073
1786348296,5859,6,0,295,124374
1786348598,5859,6,0,295,124676
1786348898,5859,6,0,295,124976
1786349199,5859,6,0,295,125278
1786349500,5859,6,0,295,125578
1786349801,5859,6,0,295,125879
1786350101,5859,6,0,295,126179
1786350402,5859,6,0,295,126480
1786350702,5859,6,0,295,126780
1786351002,5859,6,0,295,127080
1786351303,5859,6,0,295,127381
1786351603,5859,6,0,295,127681
1786351904,5859,6,0,295,127982
1786352205,5859,6,0,295,128283
1786352505,5859,6,0,295,128583
1786352806,5859,6,0,295,128884
1786353106,5859,6,0,295,129184
1786353406,5859,6,0,295,129485
1786353707,5859,6,0,295,129785
1786354007,5859,6,0,295,130086
1786354308,5859,6,0,295,130386
1786354608,5859,6,0,295,130687
1786354909,5859,6,0,295,130987
1786355210,5859,6,0,295,131288
1786355510,5859,6,0,295,131588
1786355812,5859,6,0,295,131890
1786356114,5859,6,0,295,132192
1786356415,5859,6,0,295,132493
1786356716,5859,6,0,295,132794
1786357016,5859,6,0,295,133094
1786357316,5859,6,0,295,133395
1786357617,5859,6,0,295,133695
1786357917,5859,6,0,295,133995
1786358218,5859,6,0,295,134296
1786358520,5859,6,0,295,134598
1786358820,5859,6,0,295,134899
1786359121,5859,6,0,295,135199
1786359421,5859,6,0,295,135499
1786359722,5859,6,0,295,135800
1786360022,5859,6,0,295,136100
1786360323,5859,6,0,295,136401
1786360623,5859,6,0,295,136701
1786360923,5859,6,0,295,137002
1786361226,5859,6,0,295,137304
1786361529,5859,6,0,295,137607
1786361829,5859,6,0,295,137908
1786362130,5859,6,0,295,138208
1786362431,5859,6,0,295,138509
1786362731,5859,6,0,295,138810
1786363032,5859,6,0,295,139111
1786363334,5859,6,0,295,139413
1786363635,5859,6,0,295,139713
1786363936,5859,6,0,295,140014
1786364237,5859,6,0,295,140315
1786364537,5859,6,0,295,140615
1786364838,5859,6,0,295,140916
1786365140,5859,6,0,295,141218
1786365441,5859,6,0,295,141519
1786365742,5859,6,0,295,141820
1786366043,5859,6,0,295,142121
1786366345,5859,6,0,295,142423
1786366645,5859,6,0,295,142724
1786366946,5859,6,0,295,143024
1786367247,5859,6,0,295,143325
1786367550,5859,6,0,295,143628
1786367850,5859,6,0,295,143929
1786368151,5859,6,0,295,144229
1786368452,5859,6,0,295,144530
1786368752,5859,6,0,295,144830
1786369053,5859,6,0,295,145131
1786369354,5859,6,0,295,145432
1786369654,5859,6,0,295,145732
1786369955,5859,6,0,295,146033
1786370255,5859,6,0,295,146333
1786370665,5859,6,0,295,146743
1786370966,5859,6,0,295,147044
1786371266,5859,6,0,295,147344
1786371566,5859,6,0,295,147645
1786371869,5859,6,0,295,147947
1786372169,5859,6,0,295,148247
1786372471,5859,6,0,295,148549
1786372772,5859,6,0,295,148850
1786373072,5859,6,0,295,149151
1786373373,5859,6,0,295,149451
1786373673,5859,6,0,295,149751
1786373974,5859,6,0,295,150052
1786374275,5859,6,0,295,150353
1786374576,5859,6,0,295,150654
1786374876,5859,6,0,295,150955
1786375177,5859,6,0,295,151255
1786375477,5859,6,0,295,151555
1786375778,5859,6,0,295,151856
1786376078,5859,6,0,295,152157
1786376380,5859,6,0,295,152458
1786376681,5859,6,0,295,152759
1786376982,5859,6,0,295,153060
1786377282,5859,6,0,295,153360
1786377584,5859,6,0,295,153662
1786377885,5859,6,0,295,153963
1786378185,5859,6,0,295,154263
1786378486,5859,6,0,295,154564
1786378786,5859,6,0,295,154865
1786379087,5859,6,0,295,155165
1786379387,5859,6,0,295,155466
1786379688,5859,6,0,295,155766
1786379989,5859,6,0,295,156067
1786380289,5859,6,0,295,156368
1786380590,5859,6,0,295,156668
1786380891,5859,6,0,295,156969
1786381192,5859,6,0,295,157270
1786381492,5859,6,0,295,157570
1786381793,5859,6,0,295,157871
1786382093,5859,6,0,295,158172
1786382394,5859,6,0,295,158473
1786382695,5859,6,0,295,158773
1786382996,5859,6,0,295,159074
1786383296,5859,6,0,295,159375
1786383597,5859,6,0,295,159675
1786383897,5859,6,0,295,159975
1786384197,5859,6,0,295,160275
1786384500,5859,6,0,295,160578
1786384801,5859,6,0,295,160879
1786385102,5859,6,0,295,161180
1786385402,5859,6,0,295,161481
1786385703,5859,6,0,295,161781
1786386003,5859,6,0,295,162081
1786386303,5859,6,0,295,162382
1786386605,5859,6,0,295,162683
1786386908,5859,6,0,295,162986
1786387208,5859,6,0,295,163286
1786387509,5859,6,0,295,163587
1786387809,5859,6,0,295,163887
1786388110,5859,6,0,295,164189
1786388412,5859,6,0,295,164490
1786388713,5859,6,0,295,164791
1786389014,5859,6,0,295,165092
1786389316,5859,6,0,295,165394
1786389616,5859,6,0,295,165694
1786389917,5859,6,0,295,165995
1786390218,5859,6,0,295,166296
1786390518,5859,6,0,295,166596
1786390821,5859,6,0,295,166899
1786391121,5859,6,0,295,167199
1786391423,5859,6,0,295,167501
1786391724,5859,6,0,295,167802
1786392024,5859,6,0,295,168103
1786392325,5859,6,0,295,168403
1786392627,5859,6,0,295,168705
1786392927,5859,6,0,295,169005
1786393227,5859,6,0,295,169306
1786393530,5859,6,0,295,169608
1786393831,5859,6,0,295,169909
1786394131,5859,6,0,295,170209
1786394431,5859,6,0,295,170509
1786394734,5859,6,0,295,170812
1786395034,5859,6,0,295,171112
1786395335,5859,6,0,295,171413
1786395635,5859,6,0,295,171713
1786395938,5859,6,0,295,172016
1786396239,5859,6,0,295,172317
1786396539,5859,6,0,295,172617
1786396840,5859,6,0,295,172918
1786397141,5859,6,0,295,173219
1786397442,5859,6,0,295,173520
1786397742,5859,6,0,295,173821
1786398044,5859,6,0,295,174122
1786398344,5859,6,0,295,174422
1786398645,5859,6,0,295,174723
1786398946,5859,6,0,295,175024
1786399246,5859,6,0,295,175324
1786399547,5859,6,0,295,175625
1786399848,5859,6,0,295,175926
1786400148,5859,6,0,295,176226
1786400449,5859,6,0,295,176528
1786400751,5859,6,0,295,176829
1786401053,5859,6,0,295,177131
1786401354,5859,6,0,295,177432
1786401656,5859,6,0,295,177734
1786401956,5859,6,0,295,178035
1786402258,5859,6,0,295,178336
1786402558,5859,6,0,295,178636
1786402860,5859,6,0,295,178938
1786403161,5859,6,0,295,179239
1786403462,5859,6,0,295,179540
1786403982,5859,6,0,295,180061
1786404283,5859,6,0,295,180361
1786404584,5859,6,0,295,180662
1786404885,5859,6,0,295,180963
1786405185,5859,6,0,295,181263
1786405486,5859,6,0,295,181564
1786405786,5859,6,0,295,181864
1786406089,5859,6,0,295,182167
1786406395,5859,6,0,295,182473
1786406696,5859,6,0,295,182775
1786406997,5859,6,0,295,183075
1786407299,5859,6,0,295,183378
1786407600,5859,6,0,295,183679
1786407901,5859,6,0,295,183979
1786408202,5859,6,0,295,184280
1786408502,5859,6,0,295,184581
1786408803,5859,6,0,295,184881
1786409103,5859,6,0,295,185182
1786409404,5859,6,0,295,185482
1786409706,5859,6,0,295,185784
1786410006,5859,6,0,295,186084
1786410308,5859,6,0,295,186387
1786410609,5859,6,0,295,186687
1786410909,5859,6,0,295,186987
1786411210,5859,6,0,295,187288
1786411510,5859,6,0,295,187588
1786411810,5859,6,0,295,187889
1786412111,5859,6,0,295,188189
1786412411,5859,6,0,295,188489
1786412711,5859,6,0,295,188789
1786413012,5859,6,0,295,189090
1786413312,5859,6,0,295,189391
1786413613,5859,6,0,295,189692
1786413914,5859,6,0,295,189992
1786414214,5859,6,0,295,190293
1786414519,5859,6,0,295,190597
1786414820,5859,6,0,295,190898
1786415120,5859,6,0,295,191198
1786415421,5859,6,0,295,191499
1786415721,5859,6,0,295,191800
1786416022,5859,6,0,295,192100
1786416322,5859,6,0,295,192400
1786416623,5859,6,0,295,192701
1786416923,5859,6,0,295,193002
1786417225,5859,6,0,295,193303
1786417526,5859,6,0,295,193604
1786417826,5859,6,0,295,193904
1786418128,5859,6,0,295,194206
1786418429,5859,6,0,295,194507
1786418731,5859,6,0,295,194809
1786419031,5859,6,0,295,195109
1786419332,5859,6,0,295,195411
1786419633,5859,6,0,295,195711
1786419934,5859,6,0,295,196012
1786420234,5859,6,0,295,196312
1786420536,5859,6,0,295,196614
1786420836,5859,6,0,295,196914
1786421137,5859,6,0,295,197215
1786421438,5859,6,0,295,197516
1786421739,5859,6,0,295,197817
1786422039,5859,6,0,295,198118
1786422341,5859,6,0,295,198419
1786422641,5859,6,0,295,198719
1786422942,5859,6,0,295,199020
1786423243,5859,6,0,295,199321
1786423544,5859,6,0,295,199622
1786423844,5859,6,0,295,199922
1786424145,5859,6,0,295,200223
1786424445,5859,6,0,295,200523
1786424746,5859,6,0,295,200824
1786425047,5859,6,0,295,201125
1786425348,5859,6,0,295,201426
1786425648,5859,6,0,295,201726
1786425949,5859,6,0,295,202027
1786426249,5859,6,0,295,202328
1786426550,5859,6,0,295,202629
1786426851,5859,6,0,295,202929
1786427151,5859,6,0,295,203229
1786427453,5859,6,0,295,203531
1786427754,5859,6,0,295,203832
1786428055,5859,6,0,295,204133
1786428356,5859,6,0,295,204434
1786428657,5859,6,0,295,204736
1786428959,5859,6,0,295,205037
1786429260,5859,6,0,295,205338
1786429560,5859,6,0,295,205638
1786429860,5859,6,0,295,205939
1786430161,5859,6,0,295,206240
1786430462,5859,6,0,295,206540
1786430763,5859,6,0,295,206841
1786431065,5859,6,0,295,207143
1786431366,5859,6,0,295,207444
1786431666,5859,6,0,295,207745
1786431967,5859,6,0,295,208045
1786432268,5859,6,0,295,208346
1786432568,5859,6,0,295,208646
1786432869,5859,6,0,295,208947
1786433170,5859,6,0,295,209248
1786433471,5859,6,0,295,209549
1786433772,5859,6,0,295,209850
1786434074,5859,6,0,295,210152
1786434374,5859,6,0,295,210452
1786434675,5859,6,0,295,210753
1786434976,5859,6,0,295,211055
1786435280,5859,6,0,295,211358
1786435582,5859,6,0,295,211660
1786435883,5859,6,0,295,211961
1786436183,5859,6,0,295,212261
1786436484,5859,6,0,295,212562
1786436784,5859,6,0,295,212862
1786437085,5859,6,0,295,213163
1786437386,5859,6,0,295,213464
1786437686,5859,6,0,295,213764
1786437987,5859,6,0,295,214065
1786438287,5859,6,0,295,214365
1786438588,5859,6,0,295,214666
1786438889,5859,6,0,295,214967
1786439189,5859,6,0,295,215267
1786439489,5859,6,0,295,215567
1786439790,5859,6,0,295,215868
1786440090,5859,6,0,295,216168
1786440391,5859,6,0,295,216469
1786440691,5859,6,0,295,216769
1786440992,5859,6,0,295,217070
1786441293,5859,6,0,295,217371
1786441593,5859,6,0,295,217671
1786441894,5859,6,0,295,217972
1786442194,5859,6,0,295,218273
1786442495,5859,6,0,295,218573
1786442795,5859,6,0,295,218873
1786443096,5859,6,0,295,219174
1786443399,5859,6,0,295,219477
1786443700,5859,6,0,295,219778
1786444001,5859,6,0,295,220079
1786444303,5859,6,0,295,220381
1786444603,5859,6,0,295,220681
1786444903,5859,6,0,295,220982
1786445205,5859,6,0,295,221283
1786445506,5859,6,0,295,221584
1786445806,5859,6,0,295,221884
1786446111,5859,6,0,295,222189
1786446419,5859,6,0,295,222497
1786446721,5859,6,0,295,222799
1787123947,5859,6,0,295,900026
1787124248,5859,6,0,295,900326
1787124549,5859,6,0,295,900627
1787124850,5859,6,0,295,900928
1787125150,5859,6,0,295,901228
1787125451,5859,6,0,295,901529
1787125752,5859,6,0,295,901830
1787126053,5859,6,0,295,902131
1787126354,5859,6,0,295,902432
1787126654,5859,6,0,295,902732
1787126955,5859,6,0,296,903033
1787127255,5859,6,0,296,903333
1787127556,5859,6,0,296,903634
1787127856,5859,6,0,296,903935
1787128157,5859,6,0,297,904235
1787128458,5859,6,0,297,904536
1787128758,5859,6,0,297,904836
1787129059,5859,6,0,298,905137
1787129360,5859,6,0,298,905438
1787129660,5859,6,0,298,905738
1787129961,5859,6,0,298,906039
1787130262,5859,6,0,298,906340
1787130563,5859,6,0,298,906641
1787130864,5859,6,0,298,906942
1787131165,5859,6,0,299,907243
1787131465,5859,6,0,299,907543
1787131766,5859,6,0,299,907844
1787132067,5859,6,0,299,908145
1787132368,5859,6,0,299,908446
1787132669,5859,6,0,299,908747
1787132970,5859,6,0,299,909048
1787133271,5859,6,0,299,909349
1787133572,5859,6,0,299,909650
1787133872,5859,6,0,299,909950
1787134173,5859,6,0,299,910251
1787134474,5859,6,0,299,910552
1787134775,5859,6,0,299,910853
1787135075,5859,6,0,299,911153
1787135376,5859,6,0,299,911454
1787135676,5859,6,0,299,911754
1787135976,5859,6,0,299,912055
1787136277,5859,6,0,299,912355
1787136577,5859,6,0,299,912655
1787136878,5859,6,0,299,912956
1787137178,5859,6,0,299,913256
1787137479,5859,6,0,299,913557
1787137779,5859,6,0,299,913858
1787138080,5859,6,0,299,914158
1787138381,5859,6,0,299,914459
1787138682,5859,6,0,299,914760
1787138983,5859,6,0,299,915061
1787139284,5859,6,0,299,915362
1787139585,5859,6,0,299,915663
1787139885,5859,6,0,299,915963
1787140186,5859,6,0,299,916264
1787140486,5859,6,0,299,916564
1787140787,5859,6,0,299,916865
1787141087,5859,6,0,299,917166
